title,platform,edition,status,format,region,completeness,condition,release_date,publisher,developer,genre,barcode,purchase_date,purchase_price,store,added_date,notes,clz_index,source
Earthion,PC,,owned,,,,,"Jul 31, 2025",Limited Run Games,Ancient,Shoot'em Up,,,,,"Oct 16, 2025",,,clz
A-Train: All Aboard! Tourism,Nintendo Switch 2,,owned,,,,,"Mar 12, 2021",ArtDink,Artdink,,,,,,"Mar 14, 2026",,,clz
Bang! Bang! Bandits - Nintendo Switch 2 Edition,Nintendo Switch 2,,owned,,,,,"Mar 19, 2026",Nippon Columbia,,Shoot'em Up,,,,,"Apr 04, 2026",,,clz
Bravely Default: Flying Fairy HD Remaster,Nintendo Switch 2,,owned,,,,,"Jun 05, 2025",Square Enix,Square Enix,RPG,,,,,"Jun 06, 2025",,,clz
Brigandine Abyss,Nintendo Switch 2,,owned,,,,,"Aug 27, 2026",NIS America,Adglobe,RPG | Strategy | Tactical,,,,,"Sep 11, 2026",,,clz
Bubsy 4D,Nintendo Switch 2,,owned,,,,,"May 22, 2026",Atari,Fabraz,Platformer,,,,,"May 22, 2026",,,clz
Card-en-Ciel,Nintendo Switch 2,,owned,,,,,"Oct 24, 2024",Inti Creates,Inti Creates,Board & Card | RPG | Strategy,,,,,"Mar 14, 2026",,,clz
Culdcept Begins,Nintendo Switch 2,,owned,,,,,"Jul 16, 2026",Clear River Games,Omiya Soft,Card | Turn-Based Strategy,,,,,"Sep 17, 2026",,,clz
Cyberpunk 2077: Ultimate Edition,Nintendo Switch 2,,owned,,,,,"Jun 05, 2025",Bandai Namco,CD Projekt Red,RPG,,,,,"Jun 07, 2025",,,clz
Daemon X Machina: Titanic Scion,Nintendo Switch 2,,owned,,,,,"Sep 05, 2025",Marvelous Inc.,Marvelous First Studio,Third Person Shooter,,,,,"Sep 23, 2025",,,clz
Donkey Kong Bananza,Nintendo Switch 2,,owned,,,,,"Jul 17, 2025",Nintendo,Nintendo,Action/Adventure | Platformer,,,,,"Jul 27, 2025",,,clz
Fantasy Life i: The Girl Who Steals Time,Nintendo Switch 2,,owned,,,,,"Oct 10, 2024",Level-5,Level-5,RPG,,,,,"Aug 26, 2025",,,clz
Fire Emblem: Fortune's Weave,Nintendo Switch 2,,owned,,,,,"Sep 17, 2026",Nintendo,Intelligent Systems,RPG | Tactical,,,,,"Sep 17, 2026",,,clz
FZ: Formation Z,Nintendo Switch 2,,owned,,,,,"May 25, 2026",Clear River Games,Granzella Inc.,Shoot'em Up,,,,,"Jun 11, 2026",,,clz
Granblue Fantasy: Relink - Endless Ragnarok,Nintendo Switch 2,,owned,,,,,"Jul 09, 2026",Plaion,Cygames,Action | RPG,,,,,"Jul 09, 2026",,,clz
Hades II,Nintendo Switch 2,,owned,,,,,"Nov 20, 2025",Supergiant Games,Supergiant Games,RPG,,,,,"Nov 20, 2025",,,clz
Hyrule Warriors: Age of Imprisonment,Nintendo Switch 2,,owned,,,,,"Nov 06, 2025",Nintendo,Koei Tecmo Games,Beat'em Up,,,,,"Nov 06, 2025",,,clz
Kirby Air Riders,Nintendo Switch 2,,owned,,,,,"Nov 20, 2025",Nintendo,Bandai Interactive,Racing,,,,,"Nov 19, 2025",,,clz
LoveR Kiss: Endless Memories,Nintendo Switch 2,,owned,,,,,"Apr 30, 2026",Dragami Games,,Other,,,,,"May 11, 2026",,,clz
Majogami,Nintendo Switch 2,,owned,,,,,"Oct 30, 2025",Inti Creates,Inti Creates,Platformer,,,,,"Nov 19, 2025",,,clz
Mario Tennis Fever,Nintendo Switch 2,,owned,,,,,"Feb 12, 2026",Nintendo,Nintendo,Sport,,,,,"Feb 13, 2026",,,clz
MARVEL Cosmic Invasion,Nintendo Switch 2,,owned,,,,,"Apr 17, 2026",DotEmu,Tribute Games,Beat'em Up,,,,,"Aug 02, 2026",,,clz
Metroid Prime 4: Beyond,Nintendo Switch 2,,owned,,,,,"Nov 27, 2025",Nintendo,Nintendo,FPS,,,,,"Dec 04, 2025",,,clz
Moonlight Peaks - Nintendo Switch 2 Edition,Nintendo Switch 2,,owned,,,,,"Aug 28, 2026",XSEED Games,Little Chicken Game Company,,,,,,"Aug 29, 2026",,,clz
Mortal Kombat: Legacy Kollection,Nintendo Switch 2,,owned,,,,,"Dec 12, 2025",Atari,Digital Eclipse,Compilation | Fighting,,,,,"Aug 28, 2026",,,clz
Mouse: P.I. For Hire,Nintendo Switch 2,,owned,,,,,"Jul 10, 2026",U&I Entertainment,Fumi Games,FPS,,,,,"Jul 10, 2026",,,clz
Orbitals,Nintendo Switch 2,,owned,,,,,"Sep 03, 2026",Kepler Interactive,Shapefarm,Action/Adventure,,,,,"Sep 04, 2026",,,clz
Outbound,Nintendo Switch 2,,owned,,,,,"Apr 23, 2026",Silver Lining,Square Glade Games,Open World,,,,,"May 15, 2026",,,clz
Pokemon Legends: Z-A,Nintendo Switch 2,,owned,,,,,"Oct 16, 2025",Nintendo,Game Freak,RPG,,,,,"Oct 16, 2025",,,clz
Pokémon Pokopia,Nintendo Switch 2,,owned,,,,,"Mar 05, 2026",Nintendo,Game Freak,,,,,,"Mar 09, 2026",,,clz
Rune Factory: Guardians of Azuma,Nintendo Switch 2,,owned,,,,,"Jun 05, 2025",Marvelous,Marvelous Interactive,RPG,,,,,"Jun 16, 2025",,,clz
Splatoon Raiders,Nintendo Switch 2,,owned,,,,,"Jul 23, 2026",Nintendo,Nintendo EPD,Arcade | Third Person Shooter,,,,,"Jul 24, 2026",,,clz
Star Fox,Nintendo Switch 2,,owned,,,,,"Jun 25, 2026",Nintendo,Nintendo,Action | Shooter,,,,,"Jul 02, 2026",,,clz
Steins;Gate Re:Boot,Nintendo Switch 2,,owned,,,,,"Oct 29, 2026",Spike Chunsoft,mages,Visual Novel,,,,,"Sep 11, 2026",,,clz
Story Of Seasons: Grand Bazaar,Nintendo Switch 2,,owned,,,,,"Aug 27, 2025",Marvelous,Marvelous Interactive,Simulation,,,,,"Aug 28, 2025",,,clz
The Elder Scrolls IV: Oblivion Remastered,Nintendo Switch 2,,owned,,,,,"Aug 11, 2026",Bethesda Softworks,Bethesda Game Studios,,,,,,"Aug 21, 2026",,,clz
Truxton Extreme,Nintendo Switch 2,,owned,,,,,"Jul 30, 2026",Clear River Games,Tatsujin,Shoot'em Up,,,,,"Aug 04, 2026",,,clz
Wanderstop,Nintendo Switch 2,,owned,,,,,"Mar 11, 2025",Annapurna Interactive,Ivy Road,Adventure,,,,,"Aug 29, 2026",,,clz
Yooka-Replaylee,Nintendo Switch 2,,owned,,,,,"Dec 18, 2025",PM Studios,Playtonic Games,Action | Adventure,,,,,"Dec 23, 2025",,,clz
Yoshi and the Mysterious Book,Nintendo Switch 2,,owned,,,,,"May 21, 2026",Nintendo,Nintendo,Platformer,,,,,"May 21, 2026",,,clz
"1, 2, Switch",Nintendo Switch,,owned,,,,,"Mar 03, 2017",Nintendo,Nintendo,Action | Party,,,,,"Apr 15, 2025",,,clz
Absolum,Nintendo Switch,,owned,,,,,"Oct 17, 2025",Silver Lining,DotEmu,Action | Beat'em Up,,,,,"Nov 19, 2025",,,clz
ACA NEOGEO Selection Vol. 1,Nintendo Switch,,owned,,,,,"Dec 12, 2024",SNK,Hamster Corporation,Arcade,,,,,"Apr 25, 2025",,,clz
ACA NEOGEO Selection Vol. 10,Nintendo Switch,,owned,,,,,"Nov 06, 2025",SNK Corporation,SNK Corporation,Compilation,,,,,"Jan 30, 2026",,,clz
ACA NEOGEO Selection Vol. 2,Nintendo Switch,,owned,,,,,"Dec 12, 2024",SNK,Hamster Corporation,Arcade,,,,,"Apr 25, 2025",,,clz
ACA NEOGEO Selection Vol. 3,Nintendo Switch,,owned,,,,,"Apr 10, 2025",,,Arcade,,,,,"Apr 25, 2025",,,clz
ACA NEOGEO Selection Vol. 4,Nintendo Switch,,owned,,,,,"Apr 10, 2025",,,Arcade,,,,,"Apr 25, 2025",,,clz
ACA NEOGEO Selection Vol. 5,Nintendo Switch,,owned,,,,,"Jul 08, 2025",SNK Corporation,SNK Corporation,Compilation,,,,,"Aug 26, 2025",,,clz
ACA NEOGEO Selection Vol. 6,Nintendo Switch,,owned,,,,,"Jul 08, 2025",SNK Corporation,SNK Corporation,Compilation,,,,,"Aug 26, 2025",,,clz
ACA NEOGEO Selection Vol. 7,Nintendo Switch,,owned,,,,,"Nov 06, 2025",SNK Corporation,SNK Corporation,Compilation,,,,,"Nov 19, 2025",,,clz
ACA NEOGEO Selection Vol. 8,Nintendo Switch,,owned,,,,,"Nov 06, 2025",SNK Corporation,SNK Corporation,Compilation,,,,,"Nov 19, 2025",,,clz
ACA NEOGEO Selection Vol. 9,Nintendo Switch,,owned,,,,,"Aug 07, 2025",SNK,Hamster Corporation,Arcade | Compilation,,,,,"Jan 30, 2026",,,clz
Aces of the Luftwaffe: Squadron,Nintendo Switch,,owned,,,,,"Feb 26, 2019",THQ Nordic,Handy Games,Action,,,,,"Apr 15, 2025",,,clz
Advance Wars 1+2: Re-Boot Camp,Nintendo Switch,,owned,,,,,"Apr 21, 2023",Nintendo,Way Forward,Strategy,,,,,"Apr 15, 2025",,,clz
Agatha Christie - Murder on the Orient Express,Nintendo Switch,,owned,,,,,"Oct 19, 2023",Microids,Microids,Adventure,,,,,"Apr 15, 2025",,,clz
Akai Katana Shin,Nintendo Switch,,owned,,,,,"May 02, 2023",Clear River Games,City Connection,Action | Shoot'em Up,,,,,"Apr 15, 2025",,,clz
America's Greatest Game Shows: Wheel of Fortune & Jeopardy!,Nintendo Switch,,owned,,,,,"Oct 30, 2018",Ubisoft,Frima,Puzzle,,,,,"Apr 15, 2025",,,clz
Animal Crossing: New Horizons,Nintendo Switch,,owned,,,,,"Mar 20, 2020",Nintendo,Nintendo,Party | RPG | Simulation,,,,,"Apr 15, 2025",,,clz
Another Code: Recollection,Nintendo Switch,,owned,,,,,"Jan 19, 2024",Nintendo,Arc System Works,Adventure | Puzzle,,,,,"Apr 15, 2025",,,clz
Apex Heroines,Nintendo Switch,,owned,,,,,"Jul 19, 2024",Leoful,XIAOXIAO STUDIO,Action/Adventure | Arcade | Beat'em Up,,,,,"Apr 15, 2025",,,clz
Aria Chronicle,Nintendo Switch,,owned,,,,,"Jul 08, 2021",Crest,Studio N9,,,,,,"Apr 15, 2025",,,clz
Arms,Nintendo Switch,,owned,,,,,"Jun 16, 2017",Nintendo,Nintendo,Fighting,,,,,"Apr 15, 2025",,,clz
Arzette: The Jewel of Faramore,Nintendo Switch,,owned,,,,,"Mar 28, 2025",Limited Run,Seedy Eye Software,Action | Adventure | Platformer,,,,,"Apr 29, 2025",,,clz
Asterix & Obelix XXL 3: The Crystal Menhir,Nintendo Switch,,owned,,,,,"Nov 21, 2019",Microids,Anuman Interactive,Platformer,,,,,"Apr 15, 2025",,,clz
Astral Chain,Nintendo Switch,,owned,,,,,"Aug 30, 2019",Nintendo,PlatinumGames Inc.,Action/Adventure,,,,,"Apr 15, 2025",,,clz
Atelier Dusk Trilogy,Nintendo Switch,,owned,,,,,"Jan 16, 2020",Koei Tecmo,Gust,RPG,,,,,"Apr 15, 2025",,,clz
Atelier Lulua: The Scion of Arland,Nintendo Switch,,owned,,,,,"May 21, 2019",Koei Tecmo,Gust,RPG,,,,,"Apr 15, 2025",,,clz
Atelier Lydie & Suelle: The Alchemists And The Mysterious Paintings,Nintendo Switch,,owned,,,,,"Mar 30, 2018",TECMO KOEI Europe,Gust,RPG,,,,,"Apr 15, 2025",,,clz
Atelier Marie Remake: The Alchemist of Salburg,Nintendo Switch,,owned,,,,,"Jul 13, 2023",Koei Tecmo,Gust,Adventure | RPG,,,,,"Apr 15, 2025",,,clz
Atelier Resleriana: The Red Alchemist & The White Guardian,Nintendo Switch,,owned,,,,,"Sep 26, 2025",KOEI TECMO Europe,Gust,RPG,,,,,"Oct 09, 2025",,,clz
Atelier Ryza 2: Lost Legends & the Secret Fairy,Nintendo Switch,,owned,,,,,"Jan 29, 2021",Koei Tecmo Europe,Gust,RPG,,,,,"Apr 15, 2025",,,clz
Atelier Ryza 3: Alchemist of the End & the Secret Key,Nintendo Switch,,owned,,,,,"Feb 24, 2023",Koei Tecmo,Gust,RPG,,,,,"Apr 15, 2025",,,clz
Atelier Ryza: Ever Darkness & The Secret Hideout,Nintendo Switch,,owned,,,,,"Oct 29, 2019",Koei Tecmo,Gust,RPG,,,,,"Apr 15, 2025",,,clz
Atelier Sophie 2: The Alchemist of the Mysterious Dream,Nintendo Switch,,owned,,,,,"Feb 25, 2022",Koei Tecmo Europe,Gust,RPG,,,,,"Apr 15, 2025",,,clz
Atelier Yumia: The Alchemist Of Memories & The Envisioned Land,Nintendo Switch,,owned,,,,,"Mar 21, 2025",Koei Tecmo Games,Gust,RPG,,,,,"Apr 14, 2025",,,clz
Azur Lane: Crosswave,Nintendo Switch,,owned,,,,,"Feb 16, 2021",Idea Factory International,Compile Heart,Action | Adventure,,,,,"Apr 15, 2025",,,clz
Azure Striker Gunvolt 3,Nintendo Switch,,owned,,,,,"Sep 01, 2022",Limited Run Games,Inti Creates,Platformer,,,,,"Apr 15, 2025",,,clz
Azure Striker Gunvolt: Striker Pack,Nintendo Switch,,owned,,,,,"Aug 31, 2017",Inti Creates,Inti Creates,Platformer | Shooter,,,,,"Apr 15, 2025",,,clz
Balatro,Nintendo Switch,,owned,,,,,"Oct 15, 2024",Playstack,LocalThunk,Card,,,,,"Apr 15, 2025",,,clz
Ball X Pit,Nintendo Switch,,owned,,,,,"May 29, 2026",Devolver Digital,Kenny Sun,Shoot'em Up,,,,,"May 29, 2026",,,clz
Baten Kaitos I & II HD Remaster,Nintendo Switch,,owned,,,,,"Sep 15, 2023",Bandai Namco,Monolith Software,RPG,,,,,"Apr 15, 2025",,,clz
Bayonetta 3,Nintendo Switch,,owned,,,,,"Oct 28, 2022",Nintendo,PlatinumGames Inc.,Action,,,,,"Apr 15, 2025",,,clz
Bayonetta Origins: Cereza and the Lost Demon,Nintendo Switch,,owned,,,,,"Mar 17, 2023",Nintendo,PlatinumGames Inc.,Action/Adventure,,,,,"Apr 15, 2025",,,clz
Bibi & Tina - Adventures with Horses,Nintendo Switch,,owned,,,,,"May 15, 2020",Funbox Media,Treva,Simulation,,,,,"Apr 15, 2025",,,clz
Bibi & Tina at the horse farm,Nintendo Switch,,owned,,,,,"May 15, 2020",Funbox Media,Treva,Sport,,,,,"Apr 15, 2025",,,clz
Big Brain Academy: Brain vs. Brain,Nintendo Switch,,owned,,,,,"Dec 03, 2021",Nintendo,Nintendo,Puzzle,,,,,"Apr 15, 2025",,,clz
Bishoujo Battle: Double Strike!,Nintendo Switch,,owned,,,,,"Apr 15, 2022",Funbox Media,Zoo Corporation,Puzzle,,,,,"Apr 15, 2025",,,clz
Blaster Master Zero,Nintendo Switch,,owned,,,,,"Mar 09, 2017",Limited Run Games,Inti Creates,Action | Action/Adventure,,,,,"Apr 15, 2025",,,clz
Blaster Master Zero 3,Nintendo Switch,,owned,,,,,"Dec 18, 2021",Limited Run Games,Inti Creates,Action | Action/Adventure | Adventure,,,,,"Apr 15, 2025",,,clz
Blaster Master Zero II,Nintendo Switch,,owned,,,,,"Mar 20, 2019",Limited Run Games,Inti Creates,Action/Adventure,,,,,"Apr 15, 2025",,,clz
Bloodstained: Curse of the Moon Chronicles,Nintendo Switch,,owned,,,,,"Jul 13, 2023",Inti Creates,Inti Creates,Action | Platformer,,,,,"Apr 15, 2025",,,clz
Blue Reflection Quartet: Shoujo-tachi no Kiseki,Nintendo Switch,,owned,,,,,"Jul 30, 2026",,,RPG,,,,,"Aug 21, 2026",,,clz
Boo Party,Nintendo Switch,,owned,,,,,"Oct 27, 2023",Funbox Media,Cosmi Kankei,Puzzle,,,,,"Apr 15, 2025",,,clz
Bravely Default II,Nintendo Switch,,owned,,,,,"Feb 26, 2021",Square Enix,Claytechworks,RPG,,,,,"Apr 15, 2025",,,clz
Brigandine: The Legend of Runersia,Nintendo Switch,,owned,,,,,"May 14, 2021",Numskull Games,Matrix Software,RPG | Strategy,,,,,"Apr 15, 2025",,,clz
Bubsy: Paws on Fire,Nintendo Switch,,owned,,,,,"Mar 23, 2019",Accolade,Choice Provisions,Action/Adventure,,,,,"Apr 15, 2025",,,clz
Bunny Garden,Nintendo Switch,,owned,,,,,"Jul 25, 2024",Arc System Works,qureate,Visual Novel,,,,,"Apr 15, 2025",,,clz
Bunny Garden 2,Nintendo Switch,,owned,,,,,"Aug 20, 2026",Arc System Works,qureate,Simulator | Visual Novel,,,,,"Sep 06, 2026",,,clz
Cadence of Hyrule: Crypt of the NecroDancer Featuring The Legend of Zelda,Nintendo Switch,,owned,,,,,"Jun 05, 2025",Nintendo,Nintendo,Action | Music | Rhythm,,,,,"Apr 15, 2025",,,clz
Caladrius Blaze,Nintendo Switch,,owned,,,,,"Jul 19, 2019","H2 Interactive Co., Ltd.","Moss Co., Ltd.",Shoot'em Up,,,,,"Apr 15, 2025",,,clz
Capcom Fighting Collection,Nintendo Switch,,owned,,,,,"Jun 24, 2022",Capcom,Capcom,Action | Fighting,,,,,"Apr 15, 2025",,,clz
Captain Toad: Treasure Tracker,Nintendo Switch,,owned,,,,,"Jul 13, 2018",Nintendo,Nintendo,Platformer,,,,,"Apr 15, 2025",,,clz
Cassette Boy,Nintendo Switch,,owned,,,,,"Apr 30, 2026",Wonderland Kazakiri inc.,Wonderland Kazakiri inc.,,,,,,"May 27, 2026",,,clz
Catherine: Full Body,Nintendo Switch,,owned,,,,,"Jul 07, 2020",Atlus,Atlus,Action/Adventure,,,,,"Apr 15, 2025",,,clz
Chaos Code: New Sign Of Catastrophe,Nintendo Switch,,owned,,,,,"Dec 01, 2022",Play-Asia,Arc System Works,Action | Arcade | Fighting,,,,,"Apr 15, 2025",,,clz
Chicory: A Colorful Tale,Nintendo Switch,,owned,,,,,"Nov 15, 2024",Limited Run Games,Greg Lobanov,Adventure,,,,,"May 10, 2025",,,clz
Chocobo GP,Nintendo Switch,,owned,,,,,"Mar 10, 2022",Square Enix,Square Enix,Racing,,,,,"Apr 15, 2025",,,clz
Chrono Cross,Nintendo Switch,,owned,,,,,"Mar 20, 2025",Square Enix,Square Enix,RPG,,,,,"Apr 15, 2025",,,clz
Clubhouse Games: 51 Worldwide Classics,Nintendo Switch,,owned,,,,,"Jun 05, 2020",Nintendo,Nintendo,Compilation,,,,,"Apr 15, 2025",,,clz
Code of Princess EX,Nintendo Switch,,owned,,,,,"Jul 31, 2018",Nicalis,Studio Saizensen,Adventure,,,,,"Apr 15, 2025",,,clz
Collection of Mana,Nintendo Switch,,owned,,,,,"Aug 27, 2019",Square Enix,M2,RPG,,,,,"Apr 15, 2025",,,clz
Cosmo Dreamer & Like Dreamer: Double-D Collection,Nintendo Switch,,owned,,,,,"Dec 15, 2023",EastAsiaSoft,Outside,Shooter,,,,,"Apr 15, 2025",,,clz
Cotton Fantasy,Nintendo Switch,,owned,,,,,"May 20, 2022",ININ Games,Success,Action | Shooter,,,,,"Apr 15, 2025",,,clz
Cotton Reboot,Nintendo Switch,,owned,,,,,"Jul 20, 2021",ININ Games,Sangatu Usagi No Mori,Action | Shoot'em Up,,,,,"Apr 15, 2025",,,clz
Crawlco Block Knockers,Nintendo Switch,,owned,,,,,"Jun 25, 2021",Funbox Media,Cosmi Kankei,Puzzle,,,,,"Apr 15, 2025",,,clz
Cruis'n Blast,Nintendo Switch,,owned,,,,,"Sep 14, 2021",Maximum Games,Raw Thrills,Racing,,,,,"Apr 15, 2025",,,clz
Cult of the Lamb,Nintendo Switch,,owned,,,,,"Nov 04, 2023",Devolver Digital,Massive Monster,Action/Adventure,,,,,"Jul 17, 2026",,,clz
Daemon X Machina,Nintendo Switch,,owned,,,,,"Sep 13, 2019",Nintendo,Marvelous Interactive,Action,,,,,"Apr 30, 2025",,,clz
Danganronpa Decadence,Nintendo Switch,,owned,,,,,"Dec 03, 2021",Numskull Games,Spike Chunsoft,Adventure | Visual Novel,,,,,"Apr 15, 2025",,,clz
Dariusburst: Another Chronicle EX+,Nintendo Switch,,owned,,,,,"Jul 27, 2021",ININ Games,"Pyramid, Inc",Action | Shoot'em Up,,,,,"Apr 15, 2025",,,clz
Dark Auction,Nintendo Switch,,owned,,,,,"Jan 29, 2026",Good Smile Company,IzanagiGames,Adventure | Visual Novel,,,,,"Jul 14, 2026",,,clz
Date Everything,Nintendo Switch,,owned,,,,,"Aug 28, 2025",Team17 Digital Limited,Sassy Chap Games,,,,,,"Sep 01, 2025",,,clz
Date with Devils,Nintendo Switch,,owned,,,,,,,,,,,,,"Sep 04, 2025",,,clz
Days Collection: Akiba Heroines,Nintendo Switch,,owned,,,,,"Jun 18, 2026",Arc System Works,qureate,Visual Novel,,,,,"Jul 06, 2026",,,clz
Dead In Vinland,Nintendo Switch,,owned,,,,,"Apr 12, 2018",Playdius,CCCP,,,,,,"Apr 15, 2025",,,clz
Dead or Alive Xtreme 3: Scarlet,Nintendo Switch,,owned,,,,,"Mar 20, 2019",Koei Tecmo,Team Ninja,Sports,,,,,"Apr 15, 2025",,,clz
Dead or School,Nintendo Switch,,owned,,,,,"Mar 13, 2020",Marvelous,Studio Nanafushi,Action/Adventure,,,,,"Apr 15, 2025",,,clz
Deadcraft,Nintendo Switch,,owned,,,,,"Feb 16, 2023",Arc System Works,Marvelous,Action | Horror,,,,,"May 19, 2025",,,clz
Deadly Premonition 2: A Blessing in Disguise,Nintendo Switch,,owned,,,,,"Jul 10, 2020",Rising Star,Toybox Inc,Action/Adventure | Horror,,,,,"Apr 15, 2025",,,clz
Death end re;Quest 2,Nintendo Switch,,owned,,,,,"Feb 11, 2022",Idea Factory International,Compile Heart,RPG,,,,,"Apr 15, 2025",,,clz
Demon Throttle,Nintendo Switch,,owned,,,,,"Dec 20, 2023",Devolver Digital,doinksoft,Action | Arcade | Shooter,,,,,"Apr 15, 2025",,,clz
Detective Dotson,Nintendo Switch,,owned,,,,,,,,,,,,,"Nov 19, 2025",,,clz
Detective Pikachu Returns,Nintendo Switch,,owned,,,,,"Oct 06, 2023",Nintendo,Creatures Inc.,Adventure,,,,,"Apr 15, 2025",,,clz
Digimon Story Time Stranger,Nintendo Switch,,owned,,,,,"Jul 10, 2026",Bandai Namco,Media Vision,RPG,,,,,"Jul 11, 2026",,,clz
Dimension Drive,Nintendo Switch,,owned,,,,,"Jul 10, 2018",EastAsiaSoft,2Awesome Studio,Shooter,,,,,"Apr 15, 2025",,,clz
Disgaea 6: Defiance of Destiny,Nintendo Switch,,owned,,,,,"Jun 29, 2021",NIS America,Nippon Ichi Software,RPG | Strategy,,,,,"Apr 15, 2025",,,clz
Disgaea 7: Vows of the Virtueless,Nintendo Switch,,owned,,,,,"Oct 03, 2023",NIS America,Nippon Ichi Software,RPG,,,,,"Apr 15, 2025",,,clz
Disney Epic Mickey: Rebrushed,Nintendo Switch,,owned,,,,,"Sep 24, 2024",THQ Nordic,Purple Lamp,Action/Adventure | Adventure | Platformer,,,,,"Apr 15, 2025",,,clz
Disney Tsum Tsum Festival,Nintendo Switch,,owned,,,,,"Nov 08, 2019",Bandai Namco,Bandai Namco,Party,,,,,"Apr 15, 2025",,,clz
DoDonPachi Resurrection,Nintendo Switch,,owned,,,,,"Sep 30, 2024",Clear River Games,Cave,Shoot'em Up | Shooter,,,,,"Apr 15, 2025",,,clz
Donkey Kong Country Returns HD,Nintendo Switch,,owned,,,,,"Jan 16, 2025",Nintendo,Forever Entertainment,Action | Platformer,,,,,"Apr 15, 2025",,,clz
Donkey Kong Country: Tropical Freeze,Nintendo Switch,,owned,,,,,"May 04, 2018",Nintendo,Retro Studios,Platformer,,,,,"Apr 15, 2025",,,clz
Doom Sweeper: Rapid Fire Edition,Nintendo Switch,,owned,,,,,"Jul 10, 2025",,,Strategy,,,,,"Sep 04, 2025",,,clz
DOOM: The Classics Collection,Nintendo Switch,,owned,,,,,"Apr 02, 2021",Limited Run Games,Nightdive Studios,Action | Adventure | FPS,,,,,"Apr 15, 2025",,,clz
Dr Kawashima's Brain Training,Nintendo Switch,,owned,,,,,"Jan 03, 2020",Nintendo,Nintendo,Puzzle,,,,,"Apr 15, 2025",,,clz
Dragon Quest I & II HD-2D Remake,Nintendo Switch,,owned,,,,,"Oct 30, 2025",Square Enix,Artdink,RPG,,,,,"Oct 31, 2025",,,clz
Dragon Quest III HD-2D Remake,Nintendo Switch,,owned,,,,,"Nov 14, 2024",Square Enix,Artdink,RPG,,,,,"Apr 24, 2025",,,clz
Dragon Quest VII Reimagined,Nintendo Switch,,owned,,,,,"Feb 05, 2026",Square Enix,HexaDrive,RPG,,,,,"Feb 09, 2026",,,clz
Dragon Quest XI S: Echoes of an Elusive Age: Definitive Edition,Nintendo Switch,,owned,,,,,"Sep 27, 2019",Square Enix,Square Enix,RPG,,,,,"May 10, 2025",,,clz
Dragon Star Varnir,Nintendo Switch,,owned,,,,,"Aug 03, 2021",Idea Factory International,Compile Heart,RPG,,,,,"Sep 19, 2025",,,clz
Dreamcutter,Nintendo Switch,,owned,,,,,"Jun 28, 2024",Funbox Media,,,,,,,"Apr 15, 2025",,,clz
Eastward,Nintendo Switch,,owned,,,,,"May 24, 2022",Chucklefish,Pixpil,Action | Adventure | RPG,,,,,"Apr 15, 2025",,,clz
Eiyuden Chronicle: Hundred Heroes,Nintendo Switch,,owned,,,,,"Apr 23, 2024",505 Games,Rabbit & Bear Studios,RPG,,,,,"Apr 15, 2025",,,clz
Emio - The Smiling Man: Famicom Detective Club,Nintendo Switch,,owned,,,,,"Aug 29, 2024",Nintendo,Mages,Adventure | Point-and-click adventure | Simulation,,,,,"Apr 15, 2025",,,clz
Endless Ocean Luminous,Nintendo Switch,,owned,,,,,"May 02, 2024",Nintendo,Arika,Adventure | Simulation,,,,,"Apr 15, 2025",,,clz
Etrian Odyssey Origins Collection,Nintendo Switch,,owned,,,,,"Jun 01, 2023",Atlus,Atlus,RPG,,,,,"Apr 15, 2025",,,clz
Everybody 1-2-Switch!,Nintendo Switch,,owned,,,,,"Jun 30, 2023",Nintendo,Nintendo,Action | Party,,,,,"Apr 15, 2025",,,clz
Everybody's Golf Hot Shots,Nintendo Switch,,owned,,,,,"Sep 05, 2025",Bandai Namco,Bandai Namco,Golf,,,,,"Sep 05, 2025",,,clz
Fantasian Neo Dimension,Nintendo Switch,,owned,,,,,"Dec 05, 2024",Square Enix,Mistwalker,RPG,,,,,"Apr 15, 2025",,,clz
Fantasista Asuka Crystal Combi Collection,Nintendo Switch,,owned,,,,,"Aug 06, 2026",qureate,Arc System Works,Compilation | Sports | Visual Novel,,,,,"Aug 24, 2026",,,clz
Fantasy Tavern Sextet: Vol. 1-3 Trilogy,Nintendo Switch,,owned,,,,,,Arc System Works,,Visual Novel,,,,,"Mar 14, 2026",,,clz
Fatal Frame: Maiden of Black Water,Nintendo Switch,,owned,,,,,"Oct 28, 2021",Koei Tecmo,Koei Tecmo,Horror,,,,,"Apr 15, 2025",,,clz
Fatal Frame: Mask of the Lunar Eclipse,Nintendo Switch,,owned,,,,,"Mar 09, 2023",Koei Tecmo,Koei Tecmo,Action | Horror,,,,,"Apr 15, 2025",,,clz
Final Fantasy I-VI Collection,Nintendo Switch,,owned,,,,,"Oct 08, 2024",Square Enix,Square Enix,RPG,,,,,"Apr 15, 2025",,,clz
Final Fantasy Tactics: The Ivalice Chronicles,Nintendo Switch,,owned,,,,,"Sep 30, 2025",Square Enix,Creative Business Unit III,Strategy,,,,,"Oct 02, 2025",,,clz
Final Fantasy XII: The Zodiac Age,Nintendo Switch,,owned,,,,,"Apr 30, 2019",Square Enix,Square Enix,RPG,,,,,"Apr 15, 2025",,,clz
Fire Emblem Engage,Nintendo Switch,,owned,,,,,"Jan 20, 2023",Nintendo,Intelligent Systems,Strategy,,,,,"Apr 15, 2025",,,clz
Fire Emblem Warriors: Three Hopes,Nintendo Switch,,owned,,,,,"Jun 24, 2022",Nintendo,Koei Tecmo Games,Action,,,,,"Apr 15, 2025",,,clz
Fitness Boxing,Nintendo Switch,,owned,,,,,"Dec 21, 2018",Nintendo,Imagineering,Sports,,,,,"Apr 15, 2025",,,clz
Fitness Boxing 2: Rhythm and Exercise,Nintendo Switch,,owned,,,,,"Dec 04, 2020",Nintendo,Imagineer,Dance,,,,,"Apr 15, 2025",,,clz
Flashback: 25th Anniversary,Nintendo Switch,,owned,,,,,"Jun 19, 2018",Microids,Paul Cuisset,Platformer,,,,,"Apr 15, 2025",,,clz
Fuga: Melodies of Steel 2,Nintendo Switch,,owned,,,,,"May 11, 2023",,CyberConnect2,RPG,,,,,"Jun 20, 2025",,,clz
Fuga: Melodies of Steel 3,Nintendo Switch,,owned,,,,,"May 28, 2025",CyberConnect2,CyberConnect2,RPG,,,,,"Jun 20, 2025",,,clz
Fuga: Melodies of Steel Trilogy Box,Nintendo Switch,,owned,,,,,"May 29, 2025",CyberConnect2,CyberConnect2,RPG | Simulation | Strategy,,,,,"Jun 20, 2025",,,clz
G-Darius HD,Nintendo Switch,,owned,,,,,"Oct 15, 2021",ININ Games,M2,Action | Shoot'em Up,,,,,"Apr 15, 2025",,,clz
Gal Guardians: Demon Purge,Nintendo Switch,,owned,,,,,"Jun 15, 2023",PQube,Inti Creates,Platformer,,,,,"Apr 29, 2025",,,clz
Gal Guardians: Servants Of The Dark,Nintendo Switch,,owned,,,,,"Jun 10, 2025",PQube,Inti Creates,Platformer,,,,,"Jun 18, 2025",,,clz
Gal*Gun 2,Nintendo Switch,,owned,,,,,"Apr 13, 2018",PQube,Inti Creates,Action,,,,,"Apr 15, 2025",,,clz
Gal*Gun: Double Peace,Nintendo Switch,,owned,,,,,"Mar 17, 2022",PQube,Inti Creates,Action,,,,,"Apr 15, 2025",,,clz
Gal*Gun Returns,Nintendo Switch,,owned,,,,,"Feb 12, 2021",PQube,Inti Creates,Action,,,,,"Apr 15, 2025",,,clz
Game Builder Garage,Nintendo Switch,,owned,,,,,"Jun 11, 2021",Nintendo,Nintendo,Puzzle | Simulation,,,,,"Apr 15, 2025",,,clz
Gear.Club Unlimited,Nintendo Switch,,owned,,,,,"Dec 01, 2017",Microids,Eden Games,Racing,,,,,"Apr 15, 2025",,,clz
Gear Club Unlimited 2,Nintendo Switch,,owned,,,,,"Dec 04, 2018",Microids,Eden Games,Racing,,,,,"Apr 15, 2025",,,clz
Ghost Blade HD,Nintendo Switch,,owned,,,,,"Jan 21, 2020",EastAsiaSoft,Hucast Games,Shooter,,,,,"Apr 15, 2025",,,clz
Ghost Trick: Phantom Detective,Nintendo Switch,,owned,,,,,"Jun 30, 2023",Capcom,Capcom,Action | Adventure | Puzzle,,,,,"Apr 15, 2025",,,clz
GO Vacation,Nintendo Switch,,owned,,,,,"Jul 27, 2018",Bandai Namco,Bandai Namco,Party,,,,,"Apr 15, 2025",,,clz
Golden Tee Arcade Classics,Nintendo Switch,,owned,,,,,"Oct 24, 2025",Atari,Digital Eclipse,Arcade | Golf | Sports,,,,,"Oct 28, 2025",,,clz
Golf Story,Nintendo Switch,,owned,,,,,"Nov 17, 2018",Limited Run Games,Sidebar Games,Sports,,,,,"Apr 15, 2025",,,clz
Gradius Origins,Nintendo Switch,,owned,,,,,"Aug 07, 2025",Konami,M2,Compilation,,,,,"Aug 26, 2025",,,clz
Grandia HD Collection,Nintendo Switch,,owned,,,,,"Aug 16, 2019",GungHo,GungHo,Adventure | RPG,,,,,"Apr 15, 2025",,,clz
Gris,Nintendo Switch,,owned,,,,,"Apr 18, 2025",Devolver Digital,Nomada Studio,Platformer | Puzzle,,,,,"Apr 19, 2025",,,clz
Guardian Tales,Nintendo Switch,,owned,,,,,"May 09, 2024",,,Action | Adventure,,,,,"May 19, 2025",,,clz
Gun Gun Pixies,Nintendo Switch,,owned,,,,,Apr 2017,Compile Heart,,Action,,,,,"Apr 15, 2025",,,clz
Gunvolt Chronicles: Luminous Avenger iX,Nintendo Switch,,owned,,,,,"Sep 26, 2019",Limited Run Games,Inti Creates,Action,,,,,"Apr 15, 2025",,,clz
Gunvolt Records Cychronicle,Nintendo Switch,,owned,,,,,"Feb 15, 2024",Inti Creates,Inti Creates,Music,,,,,"Apr 15, 2025",,,clz
Hello Kitty Island Adventure,Nintendo Switch,,owned,,,,,"Mar 25, 2025",Sanrio,Sunblink,Simulation | Simulator,,,,,"Apr 14, 2025",,,clz
Hentai vs. Evil,Nintendo Switch,,owned,,,,,"Dec 10, 2021",Funbox Media,Axyos Games,Action,,,,,"Apr 15, 2025",,,clz
Hookah Haze,Nintendo Switch,,owned,,,,,"Mar 27, 2025",Justdan,Aquire,Visual Novel,,,,,"May 10, 2025",,,clz
Hot Blood,Nintendo Switch,,owned,,,,,"Nov 15, 2024",Funbox Media,EastAsiaSoft,Action | Adventure,,,,,"Apr 15, 2025",,,clz
HYKE:Northern Light(s),Nintendo Switch,,owned,,,,,,,,,,,,,"Jul 13, 2026",,,clz
Hyperdevotion Noire: Goddess Black Heart,Nintendo Switch,,owned,,,,,"Feb 27, 2015",NIS,Idea Factory,RPG,,,,,"Apr 20, 2026",,,clz
Hyperdimension Neptunia Re;Birth1,Nintendo Switch,,owned,,,,,"Aug 26, 2022",Idea Factory,Falistella,RPG,,,,,"Sep 04, 2025",,,clz
Hyperdimension Neptunia Re;Birth2: Sisters Generation,Nintendo Switch,,owned,,,,,"Sep 18, 2025",EastAsiaSoft,Idea Factory,RPG,,,,,"Oct 09, 2025",,,clz
Hyperdimension Neptunia Re;Birth3: V Generation,Nintendo Switch,,owned,,,,,"Jun 26, 2022",NIS,Idea Factory,RPG,,,,,"Nov 19, 2025",,,clz
Hyrule Warriors: Age of Calamity,Nintendo Switch,,owned,,,,,"Nov 20, 2020",Nintendo,Koei Tecmo Games,Action,,,,,"Apr 15, 2025",,,clz
Hyrule Warriors: Definitive Edition,Nintendo Switch,,owned,,,,,"May 18, 2018",Nintendo,KOEI,Action/Adventure,,,,,"Apr 15, 2025",,,clz
Idle Devils,Nintendo Switch,,owned,,,,,"Apr 30, 2026",Leoful,Happy Player,RPG | Strategy,,,,,"May 27, 2026",,,clz
Idol Manager,Nintendo Switch,,owned,,,,,"Sep 01, 2022",PLAYISM,Glitch Pitch,Simulation | Simulator | Visual Novel,,,,,"Apr 15, 2025",,,clz
Illusion Island,Nintendo Switch,,owned,,,,,"Jul 28, 2023",Disney Games,DLALA Studios,Platformer,,,,,"Apr 15, 2025",,,clz
Inazuma Eleven: Victory Road,Nintendo Switch,,owned,,,,,"Nov 10, 2025",Level 5,Level 5,RPG,,,,,"Jul 14, 2026",,,clz
inKONBINI: One Store. Many Stories.,Nintendo Switch,,owned,,,,,"Apr 30, 2026",Nagai Industries,Nagai Industries,Adventure,,,,,"Jul 13, 2026",,,clz
Ion Fury: Double Shot Edition,Nintendo Switch,,owned,,,,,,1C Company,Voidpoint,,,,,,"Apr 08, 2026",,,clz
Iron Meat,Nintendo Switch,,owned,,,,,"Sep 25, 2024",Strictly Limited Games,Retroware,Action | Arcade | Platformer,,,,,"May 10, 2025",,,clz
Jerry Anker and the Quest to get Love,Nintendo Switch,,owned,,,,,"May 30, 2025",Funbox Media,,,,,,,"Jul 27, 2025",,,clz
Jets'N'Guns Complete Collection,Nintendo Switch,,owned,,,,,"Apr 01, 2025",,,Shoot'em Up,,,,,"Apr 29, 2025",,,clz
Kingdom's Return: Time-Eating Fruit and the Ancient Monster,Nintendo Switch,,owned,,,,,"Apr 23, 2026",Inti Creates,Inti Creates,RPG,,,,,"May 11, 2026",,,clz
Kirby and the Forgotten Land,Nintendo Switch,,owned,,,,,"Mar 25, 2022",Nintendo,HAL Laboratory,Platformer,,,,,"Apr 15, 2025",,,clz
Kirby's Return to Dream Land Deluxe,Nintendo Switch,,owned,,,,,"Feb 24, 2023",Nintendo,HAL Labs,Action | Platformer,,,,,"Apr 15, 2025",,,clz
Kirby Star Allies,Nintendo Switch,,owned,,,,,"Mar 16, 2018",Nintendo,HAL Labs,Platformer,,,,,"Apr 15, 2025",,,clz
Labyrinth of Refrain: Coven of Dusk,Nintendo Switch,,owned,,,,,"Sep 21, 2018",NIS Europe,Nippon Ichi Software,RPG,,,,,"Apr 15, 2025",,,clz
Layton's Mystery Journey: Katrielle And The Millionaires' Conspiracy,Nintendo Switch,,owned,,,,,"Nov 08, 2019",Nintendo,Level-5,Adventure | Puzzle,,,,,"Apr 15, 2025",,,clz
Legend of Mana,Nintendo Switch,,owned,,,,,"Jun 24, 2021",Square Enix,Square,Action | RPG,,,,,"Apr 15, 2025",,,clz
LEGO City Undercover,Nintendo Switch,,owned,,,,,"Apr 07, 2017",Warner Bros Interactive,Travellers Tales,Action/Adventure,,,,,"Apr 15, 2025",,,clz
LEGO Party!,Nintendo Switch,,owned,,,,,"Sep 30, 2025",Fictions,SMG Studio,Party,,,,,"Oct 04, 2025",,,clz
Little Town Hero,Nintendo Switch,,owned,,,,,"Jun 26, 2020",NIS Europe,Game Freak,RPG,,,,,"Apr 15, 2025",,,clz
Live A Live,Nintendo Switch,,owned,,,,,"Jul 22, 2022",Nintendo,historia Inc.,RPG,,,,,"Apr 15, 2025",,,clz
Livestream: Escape From Hotel Izanami + Livestream 2: Escape From Togaezuka Happy Place Collection,Nintendo Switch,,owned,,,,,"Apr 10, 2025",,,Horror,,,,,"Apr 25, 2025",,,clz
Lollipop Chainsaw: RePop,Nintendo Switch,,owned,,,,,"Oct 08, 2025",Clear River Games,Dragami Games,Action | Adventure,,,,,"Oct 09, 2025",,,clz
Loopers,Nintendo Switch,,owned,,,,,"Jun 02, 2022",Prototype,Key,Visual Novel,,,,,"Apr 15, 2025",,,clz
Lost Ruins,Nintendo Switch,,owned,,,,,"Jun 03, 2024",Red Art Games,,Action/Adventure,,,,,"Apr 29, 2025",,,clz
Love Esquire,Nintendo Switch,,owned,,,,,"Feb 23, 2022",Eastasiasoft Limited,Yang Yang Mobile,RPG | Visual Novel,,,,,"Apr 15, 2025",,,clz
LoveKami Trilogy,Nintendo Switch,,owned,,,,,"Jul 12, 2022",EastAsiaSoft,Pulltop,Visual Novel,,,,,"Apr 15, 2025",,,clz
Luigi's Mansion 2 HD,Nintendo Switch,,owned,,,,,"Jun 27, 2024",Nintendo,Next Level Games,Action | Adventure,,,,,"Apr 15, 2025",,,clz
Luigi's Mansion 3,Nintendo Switch,,owned,,,,,"Oct 31, 2019",Nintendo,Nintendo,Action/Adventure | Platformer,,,,,"Apr 15, 2025",,,clz
Lunar Remastered Collection,Nintendo Switch,,owned,,,,,"Apr 18, 2025",Clear River Games,GungHo Online Entertainment,RPG,,,,,"Apr 17, 2025",,,clz
Macross: Shooting Insight,Nintendo Switch,,owned,,,,,,,,,,,,,"Jul 09, 2025",,,clz
Maglam Lord,Nintendo Switch,,owned,,,,,"Feb 04, 2022",PQube,Felistella,RPG,,,,,"Apr 15, 2025",,,clz
Maid Cafe at Electric Street,Nintendo Switch,,owned,,,,,"Feb 26, 2026",PLAYISM,,Adventure,,,,,"Mar 14, 2026",,,clz
Maid of the Dead,Nintendo Switch,,owned,,,,,"Aug 22, 2024",,qureate,Shooter,,,,,"Aug 21, 2026",,,clz
Mamorukun ReCurse!,Nintendo Switch,,owned,,,,,"Sep 25, 2025",Clear River Games,,Action,,,,,"Oct 08, 2025",,,clz
Mario & Luigi: Brothership,Nintendo Switch,,owned,,,,,"Nov 07, 2024",Nintendo,Nintendo,Action | Adventure | RPG,,,,,"Apr 15, 2025",,,clz
Mario & Sonic at the Olympic Games: Tokyo 2020,Nintendo Switch,,owned,,,,,"Nov 05, 2019",Sega,Sega,Sports,,,,,"Apr 15, 2025",,,clz
Mario Golf: Super Rush,Nintendo Switch,,owned,,,,,"Jun 25, 2021",Nintendo,Camelot,Golf | Sport,,,,,"Apr 15, 2025",,,clz
Mario Party Superstars,Nintendo Switch,,owned,,,,,"Oct 29, 2021",Nintendo,Nintendo,Party,,,,,"Apr 15, 2025",,,clz
Mario + Rabbids: Kingdom Battle,Nintendo Switch,,owned,,,,,"Aug 29, 2017",Ubisoft,Ubisoft,Strategy,,,,,"Apr 15, 2025",,,clz
Mario + Rabbids: Spark of Hope,Nintendo Switch,,owned,,,,,"Oct 20, 2022",Ubisoft,Ubisoft,Action/Adventure | Strategy,,,,,"Apr 15, 2025",,,clz
Mario Strikers: Battle League,Nintendo Switch,,owned,,,,,"Jun 10, 2022",Nintendo,Nintendo,Sport,,,,,"Apr 15, 2025",,,clz
Mario vs. Donkey Kong,Nintendo Switch,,owned,,,,,"Feb 16, 2024",Nintendo,Nintendo,Puzzle,,,,,"Apr 15, 2025",,,clz
Mary Skelter 2,Nintendo Switch,,owned,,,,,"Oct 23, 2019",Idea Factory,Compile Heart,RPG,,,,,"Apr 15, 2025",,,clz
Mary Skelter Finale,Nintendo Switch,,owned,,,,,"Oct 01, 2021",Idea Factory International,Compile Heart,RPG,,,,,"Apr 15, 2025",,,clz
Megadimension Neptunia VII,Nintendo Switch,,owned,,,,,"Jul 28, 2020",Idea Factory International,Compile Heart,RPG,,,,,"Sep 19, 2025",,,clz
Mercenaries Saga: Chronicles,Nintendo Switch,,owned,,,,,"Sep 09, 2018",PM Studios,PM Studios,Strategy,,,,,"Apr 15, 2025",,,clz
Merry Bunny Garden,Nintendo Switch,,owned,,,,,"Mar 12, 2026",Arc System Works,qureate,Visual Novel,,,,,"Apr 04, 2026",,,clz
Metal Slug Tactics,Nintendo Switch,,owned,,,,,"Feb 28, 2025",Pix'n Love Games,Leikir Studio,Strategy,,,,,"Apr 29, 2025",,,clz
Metroid Prime Remastered,Nintendo Switch,,owned,,,,,"Mar 03, 2023",Nintendo,Retro Studios,Action | FPS | Shooter,,,,,"Apr 15, 2025",,,clz
Miitopia,Nintendo Switch,,owned,,,,,"May 21, 2021",Nintendo,Grezzo,RPG | Simulation,,,,,"Apr 15, 2025",,,clz
Miracle Snack Shop,Nintendo Switch,,owned,,,,,"Dec 02, 2021",playasia,playasia,Visual Novel,,,,,"Apr 15, 2025",,,clz
Moero Crystal H,Nintendo Switch,,owned,,,,,"Sep 17, 2020",EastAsiaSoft,Compile Heart,RPG,,,,,"Apr 15, 2025",,,clz
Monster Hunter Generations Ultimate,Nintendo Switch,,owned,,,,,"Aug 28, 2018",Capcom,Capcom,Action | RPG,,,,,"Apr 15, 2025",,,clz
Monster Hunter: Rise,Nintendo Switch,,owned,,,,,"Mar 26, 2021",Capcom,Capcom,Action | RPG,,,,,"Apr 15, 2025",,,clz
Monster Hunter Stories 2: Wings of Ruin,Nintendo Switch,,owned,,,,,"Jul 09, 2021",Capcom,Capcom,RPG,,,,,"Apr 15, 2025",,,clz
Mugen Souls,Nintendo Switch,,owned,,,,,"Apr 27, 2023",,,RPG,,,,,"Apr 15, 2025",,,clz
Mugen Souls Z,Nintendo Switch,,owned,,,,,"Apr 27, 2023",Eastasiasoft,Compile Heart,RPG,,,,,"Apr 15, 2025",,,clz
My Little Puppy,Nintendo Switch,,owned,,,,,"May 29, 2026",Dreamotion,Dreamotion,Adventure,,,,,"Jul 13, 2026",,,clz
Needy Streamer Overload,Nintendo Switch,,owned,,,,,"Nov 15, 2024",Serenity Forge,"Why So Serious, Inc.",Action | Adventure | Visual Novel,,,,,"Apr 15, 2025",,,clz
Nelke & the Legendary Alchemists: Ateliers of the New World,Nintendo Switch,,owned,,,,,"Mar 29, 2019",TECMO KOEI,Gust,RPG,,,,,"Apr 15, 2025",,,clz
Neptunia Game Maker R:Evolution,Nintendo Switch,,owned,,,,,"May 14, 2024",Idea Factory,Compile Heart,RPG,,,,,"Sep 04, 2025",,,clz
Neptunia Riders VS Dogoos,Nintendo Switch,,owned,,,,,"Jan 28, 2025",Idea Factory International,Compile Heart,Action/Adventure,,,,,"Sep 05, 2025",,,clz
Neptunia: Sisters VS Sisters,Nintendo Switch,,owned,,,,,"Jan 23, 2024",Idea Factory International,Compile Heart,RPG,,,,,"Sep 04, 2025",,,clz
Neptunia x Senran Kagura: Ninja Wars,Nintendo Switch,,owned,,,,,"Apr 22, 2022",Idea Factory International,Tamsoft,RPG,,,,,"Aug 15, 2025",,,clz
Neva,Nintendo Switch,,owned,,,,,"Mar 14, 2025",Devolver Digital,Nomada Studio,Action | Adventure,,,,,"Apr 19, 2025",,,clz
New Pokemon Snap,Nintendo Switch,,owned,,,,,"Apr 30, 2021",Nintendo,Bandai Namco,Adventure | Simulation,,,,,"Apr 15, 2025",,,clz
New Super Mario Bros. U Deluxe,Nintendo Switch,,owned,,,,,"Jan 11, 2019",Nintendo,Nintendo,Platformer,,,,,"Apr 15, 2025",,,clz
Ninja Gaiden: Ragebound,Nintendo Switch,,owned,,,,,"Sep 12, 2025",Silver Lining Interactive,The Game Kitchen,Platformer,,,,,"Sep 12, 2025",,,clz
Nintendo Switch Sports,Nintendo Switch,,owned,,,,,"Apr 29, 2022",Nintendo,Nintendo,Sport,,,,,"Apr 15, 2025",,,clz
Nintendo World Championships: NES Edition,Nintendo Switch,,owned,,,,,"Jul 18, 2024",Nintendo,Nintendo,Action | Party | Platformer,,,,,"Apr 15, 2025",,,clz
No More Heroes 1+2,Nintendo Switch,,owned,,,,,"Oct 07, 2021",,,Action | Adventure,,,,,"Apr 15, 2025",,,clz
No More Heroes III,Nintendo Switch,,owned,,,,,"Aug 27, 2021",Nintendo,Grasshopper Manufacture,Action,,,,,"Apr 15, 2025",,,clz
Noctuary,Nintendo Switch,,owned,,,,,"Jul 31, 2025",Game Source Entertainment,,Action/Adventure,,,,,"Sep 04, 2025",,,clz
Octopath Traveler 0,Nintendo Switch,,owned,,,,,"Nov 14, 2025",Square Enix,DokiDoki Groove Works,RPG,,,,,"Dec 04, 2025",,,clz
Octopath Traveler + Octopath Traveler II,Nintendo Switch,,owned,,,,,"Apr 02, 2025",Square Enix,Square Enix,RPG,,,,,"Aug 02, 2025",,,clz
Omega Labyrinth Life,Nintendo Switch,,owned,,,,,"Aug 01, 2019",H2 Interactive,D3 Publisher,RPG,,,,,"Apr 15, 2025",,,clz
Otoko Cross: Naked Remix,Nintendo Switch,,owned,,,,,"Jun 30, 2023",Funbox Media,Eastasiasoft,Puzzle,,,,,"Apr 15, 2025",,,clz
Otoko Cross: Naked Remix 2,Nintendo Switch,,owned,,,,,"Oct 18, 2024",Funbox Media,Eastasiasoft,Puzzle,,,,,"Apr 15, 2025",,,clz
Panic in Sweets Land,Nintendo Switch,,owned,,,,,"May 23, 2024",Arc System Works,Sonic Powered,Action | Adventure | Platformer,,,,,"May 19, 2025",,,clz
Paper Mario: The Origami King,Nintendo Switch,,owned,,,,,"Jul 17, 2020",Nintendo,Intelligent Systems,Action/Adventure,,,,,"Apr 15, 2025",,,clz
Paper Mario: The Thousand-Year Door,Nintendo Switch,,owned,,,,,"May 23, 2024",Nintendo,Intelligent Systems,RPG,,,,,"Apr 15, 2025",,,clz
Patapon 1 + 2 Replay,Nintendo Switch,,owned,,,,,"Jul 10, 2025",Bandai Namco,"SAS CO.,LTD.",Compilation,,,,,"Aug 06, 2025",,,clz
Pawarumi,Nintendo Switch,,owned,,,,,"Dec 11, 2020",Manufacture 43,Eastasiasoft,Shoot'em Up,,,,,"Apr 15, 2025",,,clz
Perky Little Things,Nintendo Switch,,owned,,,,,"Nov 12, 2021",Funbox Media,Sometimes You,Puzzle,,,,,"Apr 15, 2025",,,clz
Pikmin 1 + 2,Nintendo Switch,,owned,,,,,"Sep 22, 2023",Nintendo,Nintendo,Action | Adventure,,,,,"Apr 15, 2025",,,clz
Pikmin 3 Deluxe,Nintendo Switch,,owned,,,,,"Oct 30, 2020",Nintendo,Nintendo,Strategy,,,,,"Apr 15, 2025",,,clz
Pikmin 4,Nintendo Switch,,owned,,,,,"Jul 21, 2023",Nintendo,Nintendo,Strategy,,,,,"Apr 15, 2025",,,clz
Pizza Tower,Nintendo Switch,,owned,,,,,"Oct 10, 2025",,,Platformer,,,,,"Oct 09, 2025",,,clz
Pocky & Rocky Reshrined,Nintendo Switch,,owned,,,,,"Jul 08, 2022",ININ Games,Natsume Inc.,Action,,,,,"Apr 15, 2025",,,clz
Pokemon Brilliant Diamond & Shining Pearl Dual Pack,Nintendo Switch,,owned,,,,,"Nov 19, 2021",Nintendo,ILCA,RPG,,,,,"Apr 15, 2025",,,clz
Pokémon Legends: Arceus,Nintendo Switch,,owned,,,,,"Jan 28, 2022",Nintendo,Game Freak,RPG,,,,,"Apr 15, 2025",,,clz
Pokémon Mystery Dungeon: Rescue Team DX,Nintendo Switch,,owned,,,,,"Mar 06, 2020",Nintendo,Spike Chunsoft,RPG,,,,,"Apr 15, 2025",,,clz
Pokémon Scarlet,Nintendo Switch,,owned,,,,,"Nov 18, 2022",Nintendo,Game Freak,RPG,,,,,"Apr 15, 2025",,,clz
Pokemon Scarlet & Violet Double Pack,Nintendo Switch,,owned,,,,,"Nov 18, 2022",Nintendo,Game Freak,Action | Adventure | RPG,,,,,"Apr 15, 2025",,,clz
Pokemon Sword,Nintendo Switch,,owned,,,,,"Nov 15, 2019",Nintendo,Game Freak,RPG,,,,,"Apr 15, 2025",,,clz
Pokémon Violet,Nintendo Switch,,owned,,,,,"Nov 18, 2022",Nintendo,Game Freak,RPG,,,,,"Apr 15, 2025",,,clz
Potionomics,Nintendo Switch,,owned,,,,,"Oct 22, 2024",Marvelous,,Action | Adventure,,,,,"Apr 23, 2025",,,clz
Pretty Girls Game Collection,Nintendo Switch,,owned,,,,,"Aug 05, 2022",Funbox Media,EastAsiaSoft,Puzzle,,,,,"Apr 15, 2025",,,clz
Pretty Girls Game Collection II,Nintendo Switch,,owned,,,,,"Sep 16, 2022",Funbox Media,Eastasiasoft,Puzzle,,,,,"Apr 15, 2025",,,clz
Pretty Girls Game Collection IV,Nintendo Switch,,owned,,,,,"Sep 20, 2024",Funbox Media,EastAsiaSoft,,,,,,"Apr 15, 2025",,,clz
Princess Peach: Showtime!,Nintendo Switch,,owned,,,,,"Mar 22, 2024",Nintendo,Nintendo,Action/Adventure,,,,,"Apr 15, 2025",,,clz
Prinny 1&2: Exploded and Reloaded,Nintendo Switch,,owned,,,,,"Oct 16, 2020",NIS America,Nippon Ichi Software,Platformer,,,,,"Apr 15, 2025",,,clz
Prison Princess / Prison Princess: Trapped Allure,Nintendo Switch,,owned,,,,,"Jun 26, 2025",Arc System Works,qureate,Adventure,,,,,"Aug 06, 2025",,,clz
Progress Orders,Nintendo Switch,,owned,,,,,"Apr 10, 2024",BushiRoad,HAKAMA,RPG,,,,,"Apr 25, 2025",,,clz
Puzzle Bobble Everybubble!,Nintendo Switch,,owned,,,,,"May 23, 2023",ININ Games,Taito Corporation,Arcade | Puzzle,,,,,"Apr 15, 2025",,,clz
R-Type Final 2,Nintendo Switch,,owned,,,,,"Apr 30, 2021",NIS Europe,Granzella Inc.,Action,,,,,"Apr 15, 2025",,,clz
Raiden Fighters Remix Collection,Nintendo Switch,,owned,,,,,"Feb 26, 2026",Moss,Moss,Compilation,,,,,"Mar 14, 2026",,,clz
Raiden III X Mikado MANIAX,Nintendo Switch,,owned,,,,,"Feb 21, 2025",NIS Europe,Moss,Action | Shoot'em Up | Shooter,,,,,"May 19, 2025",,,clz
Raiden IV x MIKADO Remix,Nintendo Switch,,owned,,,,,"Oct 22, 2021",UFO Interactive Games,Moss,Action | Shoot'em Up,,,,,"Apr 15, 2025",,,clz
Raiden V: Director's Cut,Nintendo Switch,,owned,,,,,"Jul 23, 2019",UFO Interactive,Moss,Shooter,,,,,"Apr 15, 2025",,,clz
Rainbow Cotton,Nintendo Switch,,owned,,,,,2024,Success,ININ,Shooter,,,,,"Apr 15, 2025",,,clz
Red Colony Trilogy,Nintendo Switch,,owned,,,,,"Feb 01, 2023",Eastasiasoft Limited,RunicCodes,Action | Horror,,,,,"Apr 15, 2025",,,clz
Rhythm Heaven Groove,Nintendo Switch,,owned,,,,,"Jul 02, 2026",Nintendo,TNX,Rhythm,,,,,"Jul 06, 2026",,,clz
River City Girls 1+2,Nintendo Switch,,owned,,,,,"Sep 09, 2022",Arc System Works,WayForward,Beat'em Up,,,,,"Apr 15, 2025",,,clz
Riviera: The Promised Land Remaster,Nintendo Switch,,owned,,,,,"Jul 30, 2026",Atlus USA,Atlus,RPG,,,,,"Sep 01, 2026",,,clz
RollerCoaster Tycoon Adventures Deluxe,Nintendo Switch,,owned,,,,,"Nov 03, 2023",Atari,Nvizzio Creations,Simulation | Strategy,,,,,"Apr 15, 2025",,,clz
RollerCoaster Tycoon Classic,Nintendo Switch,,owned,,,,,"Apr 24, 2025",Atari,Chris Sawyer,Simulation | Simulator,,,,,"Apr 24, 2025",,,clz
Romancing SaGa 2: Revenge of the Seven,Nintendo Switch,,owned,,,,,"Oct 24, 2024",Square Enix,Square Enix,RPG,,,,,"Apr 17, 2025",,,clz
Romancing SaGa: Minstrel Song Remastered,Nintendo Switch,,owned,,,,,"Mar 30, 2023",Square Enix,Square Enix,RPG,,,,,"May 19, 2025",,,clz
Runbow,Nintendo Switch,,owned,,,,,"Aug 10, 2018",HeadUp Games,13AM Games,Platformer,,,,,"Apr 15, 2025",,,clz
S.T.A.L.K.E.R.: Legends of the Zone Trilogy,Nintendo Switch,,owned,,,,,"Mar 27, 2025",Sega,GSC Game World,Action | Shooter,,,,,"May 31, 2025",,,clz
SAEKO: Giantess Dating Sim,Nintendo Switch,,owned,,,,,"Jun 25, 2026",HYPER REAL,,Visual Novel,,,,,"Jul 14, 2026",,,clz
SaGa Emerald Beyond,Nintendo Switch,,owned,,,,,"Jul 12, 2024",Square Enix,Square Enix,Action/Adventure | RPG | Strategy,,,,,"May 31, 2025",,,clz
SaGa Frontier 2 Remastered,Nintendo Switch,,owned,,,,,"Mar 28, 2025",Square Enix,Square Enix,RPG,,,,,"Aug 26, 2025",,,clz
SaGa: Scarlet Grace - Ambitions,Nintendo Switch,,owned,,,,,"Apr 21, 2022",Square Enix,Square Enix,RPG,,,,,"May 19, 2025",,,clz
Schildmaid MX,Nintendo Switch,,owned,,,,,"Nov 26, 2025",EastAsiaSoft,HitP Studio,Shoot'em Up,,,,,"Dec 14, 2025",,,clz
Sea Horizon,Nintendo Switch,,owned,,,,,"Feb 22, 2023",EastAsiaSoft,45 Studio,Board | RPG,,,,,"Apr 15, 2025",,,clz
Sea of Stars,Nintendo Switch,,owned,,,,,"May 10, 2024",iam8bit,Sabotage Studio,Adventure | RPG,,,,,"Apr 23, 2025",,,clz
Sense: A Cyberpunk Ghost Story,Nintendo Switch,,owned,,,,,"Jan 07, 2021",EastAsiaSoft,Top Hat Studios,Visual Novel,,,,,"Apr 15, 2025",,,clz
SENSEs: Midnight,Nintendo Switch,,owned,,,,,"Jun 07, 2023",EastAsiaSoft,Top Hat Studios,Action/Adventure | Adventure | Puzzle,,,,,"Apr 15, 2025",,,clz
Seven Pirates H,Nintendo Switch,,owned,,,,,"Jun 30, 2022",EastAsiaSoft,Idea Factory,RPG,,,,,"Apr 15, 2025",,,clz
Shantae,Nintendo Switch,,owned,,,,,"Oct 16, 2022",Limited Run Games,WayForward,Action/Adventure | Platformer,,,,,"Apr 15, 2025",,,clz
Shantae Advance: Risky Revolution,Nintendo Switch,,owned,,,,,"Aug 08, 2025",Limited Run Games,WayForward,Action | Adventure,,,,,"Dec 08, 2025",,,clz
Shantae and the Seven Sirens,Nintendo Switch,,owned,,,,,"May 28, 2020",XSeed,Way Forward,Platformer,,,,,"Apr 15, 2025",,,clz
Shantae: Half Genie Hero,Nintendo Switch,,owned,,,,,"Apr 27, 2018",XSeed,Way Forward,Platformer,,,,,"Apr 15, 2025",,,clz
Shantae: Risky's Revenge,Nintendo Switch,,owned,,,,,"Oct 11, 2022",Limited Run Games,WayForward,Action | Fighting | Platformer,,,,,"Apr 15, 2025",,,clz
Shin Chan: Shiro Of Coal Town,Nintendo Switch,,owned,,,,,"Jul 31, 2025",Clear River Games,h.a.n.d.,Action | Adventure,,,,,"Jul 31, 2025",,,clz
Shin Megami Tensei 5,Nintendo Switch,,owned,,,,,"Nov 12, 2021",Sega,Atlus,RPG,,,,,"Apr 15, 2025",,,clz
Shinorubi,Nintendo Switch,,owned,,,,,"Apr 01, 2024",Red Art Games,Last Boss 88,Shoot'em Up | Shooter,,,,,"Apr 15, 2025",,,clz
Shuttlecock-H,Nintendo Switch,,owned,,,,,"Jul 21, 2023",Funbox Media,Eastasiasoft,Action,,,,,"Apr 15, 2025",,,clz
Signalis,Nintendo Switch,,owned,,,,,"Mar 17, 2023",Humble Games,rose-engine,Action | Action/Adventure | Adventure,,,,,"Apr 15, 2025",,,clz
Simon the Sorcerer Origins,Nintendo Switch,,owned,,,,,"Oct 24, 2025",,,,,,,,"Oct 31, 2025",,,clz
Slime Girl Smoothies,Nintendo Switch,,owned,,,,,"Dec 08, 2023",Funbox Media,Shady Corner Games,Other | Puzzle | Simulator,,,,,"Apr 17, 2025",,,clz
Smashing the Battle,Nintendo Switch,,owned,,,,,"Sep 29, 2016",Magic Cube,Magic Cube,Action | Adventure | Arcade,,,,,"Apr 15, 2025",,,clz
"Snipperclips Plus: Cut it out, together!",Nintendo Switch,,owned,,,,,"Nov 10, 2017",Nintendo,SFB Games,Puzzle,,,,,"Apr 15, 2025",,,clz
SNK Heroines: Tag Team Frenzy,Nintendo Switch,,owned,,,,,"Sep 07, 2018",NIS Europe,SNK Playmore,Fighting,,,,,"Apr 15, 2025",,,clz
Söldner-X Complete Collection,Nintendo Switch,,owned,,,,,"May 14, 2026",EastAsiaSoft,SideQuest Studios,Shoot'em Up,,,,,"May 27, 2026",,,clz
Splatoon 2,Nintendo Switch,,owned,,,,,"Jul 21, 2017",Nintendo,Nintendo,Action,,,,,"Apr 15, 2025",,,clz
Splatoon 3,Nintendo Switch,,owned,,,,,"Sep 09, 2022",Nintendo,Nintendo,Action | Third Person Shooter,,,,,"Apr 15, 2025",,,clz
Star Ocean: The Second Story R,Nintendo Switch,,owned,,,,,"Nov 02, 2023",Square Enix,Gemdrops,RPG,,,,,"Apr 24, 2025",,,clz
Star Overdrive,Nintendo Switch,,owned,,,,,"Apr 10, 2025",3goo,Caracal Games,Action | Adventure,,,,,"Apr 17, 2025",,,clz
Star Wars: Dark Forces Remaster,Nintendo Switch,,owned,,,,,"Mar 13, 2026",Atari,Nightdive Studios,Action | Adventure | FPS,,,,,"Mar 14, 2026",,,clz
Star Wars Jedi Knight: Jedi Academy,Nintendo Switch,,owned,,,,,"Mar 26, 2020",Limited Run Games,Aspyr,Action/Adventure | FPS,,,,,"Apr 15, 2025",,,clz
Star Wars: Knights of the Old Republic,Nintendo Switch,,owned,,,,,"Jul 11, 2022",Limited Run Games,Aspyr Media,Action | Adventure | RPG,,,,,"Apr 15, 2025",,,clz
Star Wars: Knights of the Old Republic II - The Sith Lords,Nintendo Switch,,owned,,,,,"Apr 28, 2023",Limited Run Games,Aspyr Media,Action | RPG,,,,,"Apr 15, 2025",,,clz
Star Wars: Knights of the Old Republic II: The Sith Lords,Nintendo Switch,,owned,,,,,"Jun 08, 2022",Limited Run Games,Aspyr Media,Action | Adventure | RPG,,,,,"Apr 15, 2025",,,clz
Starbites,Nintendo Switch,,owned,,,,,"May 21, 2026",NIS America,"IKINAGAMES Co., Ltd.",RPG,,,,,"May 31, 2026",,,clz
Stardew Valley,Nintendo Switch,,owned,,,,,"Nov 06, 2020",Fangamer,ConcernedApe,RPG | Simulator,,,,,"May 10, 2025",,,clz
Stellar Wanderer DX,Nintendo Switch,,owned,,,,,"Apr 10, 2026",Leoful,Dream Builder Studios,Simulation,,,,,"May 27, 2026",,,clz
Strange Horticulture + Strange Antiquities,Nintendo Switch,,owned,,,,,,,,,,,,,"Jul 06, 2026",,,clz
Suikoden I & II HD Remaster: Gate Rune and Dunan Unification Wars,Nintendo Switch,,owned,,,,,"Mar 06, 2025",Konami Digital Entertainment GmbH,Konami,RPG,,,,,"Apr 17, 2025",,,clz
Super Bullet Break,Nintendo Switch,,owned,,,,,"Sep 01, 2022",PQube,BeXide,Strategy,,,,,"Apr 15, 2025",,,clz
Super Mario 3D All-Stars,Nintendo Switch,,owned,,,,,"Sep 18, 2020",Nintendo,Nintendo,Platformer,,,,,"Apr 15, 2025",,,clz
Super Mario 3D World + Bowser's Fury,Nintendo Switch,,owned,,,,,"Feb 12, 2021",Nintendo,Nintendo,Platformer,,,,,"Apr 15, 2025",,,clz
Super Mario Bros. Wonder,Nintendo Switch,,owned,,,,,"Oct 20, 2023",Nintendo,Nintendo,Platformer,,,,,"Apr 15, 2025",,,clz
Super Mario Galaxy + Super Mario Galaxy 2,Nintendo Switch,,owned,,,,,"Oct 02, 2025",Nintendo,,Platformer,,,,,"Oct 04, 2025",,,clz
Super Mario Maker 2,Nintendo Switch,,owned,,,,,"Jun 28, 2019",Nintendo,Nintendo,Platformer,,,,,"Apr 15, 2025",,,clz
Super Mario Odyssey,Nintendo Switch,,owned,,,,,"Oct 27, 2017",Nintendo,Nintendo,Platformer,,,,,"Apr 15, 2025",,,clz
Super Mario Party,Nintendo Switch,,owned,,,,,"Oct 05, 2018",Nintendo,Nintendo,Party,,,,,"Apr 15, 2025",,,clz
Super Mario Party Jamboree,Nintendo Switch,,owned,,,,,"Oct 17, 2024",Nintendo,NdCube,Board | Party,,,,,"Apr 15, 2025",,,clz
Super Mario RPG,Nintendo Switch,,owned,,,,,"Nov 17, 2023",Nintendo,ArtePiazza,RPG,,,,,"Apr 15, 2025",,,clz
Super Monkey Ball: Banana Mania,Nintendo Switch,,owned,,,,,"Oct 05, 2021",Sega,Ryu ga Gotoku Studio,Platformer,,,,,"Apr 15, 2025",,,clz
Super Neptunia RPG,Nintendo Switch,,owned,,,,,"Jun 28, 2019",Idea Factory International,Artisan Studios,RPG,,,,,"Sep 05, 2025",,,clz
Super Smash Bros. Ultimate,Nintendo Switch,,owned,,,,,"Dec 07, 2018",Nintendo,HAL Labs,Fighting,,,,,"Apr 15, 2025",,,clz
Sword & Fairy Inn 2,Nintendo Switch,,owned,,,,,"Jul 27, 2023",EastAsiaSoft,Softstar Entertainment,Adventure | Puzzle | Simulation,,,,,"Apr 15, 2025",,,clz
Syberia Trilogy,Nintendo Switch,,owned,,,,,"Nov 08, 2019",Microids,Koalabs,Adventure,,,,,"Apr 15, 2025",,,clz
Taboo Trial,Nintendo Switch,,owned,,,,,"Aug 08, 2024",,,RPG,,,,,"Apr 15, 2025",,,clz
Tactics Ogre: Reborn,Nintendo Switch,,owned,,,,,"Nov 11, 2022",Square Enix,Square Enix,Strategy,,,,,"Apr 15, 2025",,,clz
Tales of Berseria Remastered,Nintendo Switch,,owned,,,,,"Feb 27, 2026",Bandai Namco,D.A.G Inc.,RPG,,,,,"Mar 09, 2026",,,clz
Tales of Graces f Remastered,Nintendo Switch,,owned,,,,,"Jan 17, 2025",Bandai Namco,TOSE,Action | RPG,,,,,"Dec 18, 2025",,,clz
Tales Of Symphonia Remastered,Nintendo Switch,,owned,,,,,"Feb 17, 2023",Bandai Namco,Bandai Namco,RPG,,,,,"Apr 15, 2025",,,clz
Tales of Vesperia: Definitive Edition,Nintendo Switch,,owned,,,,,"Jan 11, 2019",Bandai Namco,Bandai Namco,RPG,,,,,"Dec 18, 2025",,,clz
Tales of Xillia Remastered,Nintendo Switch,,owned,,,,,"Oct 31, 2025",Bandai Namco,DokiDoki Groove Works,RPG,,,,,"Dec 18, 2025",,,clz
Tamagotchi Plaza,Nintendo Switch,,owned,,,,,"Jun 27, 2025",Bandai Namco,Bandai Namco,Virtual Pet,,,,,"Jun 28, 2025",,,clz
Teenage Mutant Ninja Turtles: Shredder's Revenge,Nintendo Switch,,owned,,,,,"Dec 15, 2023",Merge Games,Tribute Games,Action | Arcade | Beat'em Up,,,,,"Apr 15, 2025",,,clz
Teenage Mutant Ninja Turtles: The Cowabunga Collection,Nintendo Switch,,owned,,,,,"Aug 30, 2022",Konami Digital Entertainment GmbH,Digital Eclipse,Action | Fighting,,,,,"Apr 15, 2025",,,clz
Tetris Forever,Nintendo Switch,,owned,,,,,"Mar 31, 2025",Clear River Games,Digital Eclipse,Puzzle,,,,,"Apr 29, 2025",,,clz
The Disney Afternoon Collection,Nintendo Switch,,owned,,,,,"May 29, 2026",Atari,Digital Eclipse,Compilation,,,,,"May 29, 2026",,,clz
The House in Fata Morgana,Nintendo Switch,,owned,,,,,"Aug 20, 2026",Clear River Games,HuneX,Adventure | Visual Novel,,,,,"Aug 26, 2026",,,clz
The Hundred Line: Last Defense Academy,Nintendo Switch,,owned,,,,,"Apr 24, 2025",Aniplex Inc.,Too Kyo Games,Visual Novel,,,,,"May 10, 2025",,,clz
The Last Spell,Nintendo Switch,,owned,,,,,"Dec 19, 2023",The Arcade Crew,Ishtar Games,RPG | Strategy,,,,,"May 19, 2025",,,clz
The Legend of Heroes: Trails beyond the Horizon,Nintendo Switch,,owned,,,,,"Jan 15, 2026",NIS,Falcom,RPG,,,,,"Jan 30, 2026",,,clz
The Legend of Heroes: Trails from Zero,Nintendo Switch,,owned,,,,,"Sep 30, 2022",NIS,Falcom,RPG,,,,,"Dec 18, 2025",,,clz
The Legend of Heroes: Trails through Daybreak,Nintendo Switch,,owned,,,,,"Jul 05, 2024",NIS,Falcom,RPG,,,,,"Dec 18, 2025",,,clz
The Legend of Heroes: Trails through Daybreak II,Nintendo Switch,,owned,,,,,"Feb 14, 2025",NIS,Falcom,RPG,,,,,"Dec 18, 2025",,,clz
The Legend of Heroes: Trails to Azure,Nintendo Switch,,owned,,,,,"Mar 17, 2023",NIS,Falcom,RPG,,,,,"Dec 18, 2025",,,clz
The Legend of Nayuta: Boundless Trails,Nintendo Switch,,owned,,,,,"Sep 19, 2023",NIS America,Falcom,Action | RPG,,,,,"Apr 15, 2025",,,clz
The Legend of Zelda: Breath of the Wild,Nintendo Switch,,owned,,,,,"Mar 03, 2017",Nintendo,Nintendo,Action | Adventure | RPG,,,,,"Apr 15, 2025",,,clz
The Legend of Zelda: Echoes of Wisdom,Nintendo Switch,,owned,,,,,"Sep 26, 2024",Nintendo,Grezzo,Action | Adventure,,,,,"Apr 15, 2025",,,clz
The Legend of Zelda: Link's Awakening,Nintendo Switch,,owned,,,,,"Sep 20, 2019",Nintendo,Nintendo,Action/Adventure | RPG,,,,,"Apr 15, 2025",,,clz
The Legend of Zelda: Skyward Sword HD,Nintendo Switch,,owned,,,,,"Jul 16, 2021",Nintendo,Nintendo,Action | Adventure,,,,,"Apr 15, 2025",,,clz
The Legend of Zelda: Tears of the Kingdom,Nintendo Switch,,owned,,,,,"May 12, 2023",Nintendo,Nintendo,Adventure | RPG,,,,,"Apr 15, 2025",,,clz
The Wonderful 101: Remastered,Nintendo Switch,,owned,,,,,"Jul 03, 2020",Nighthawk Interactive,PlatinumGames Inc.,Action,,,,,"Apr 15, 2025",,,clz
Tiny Bookshop,Nintendo Switch,,owned,,,,,"Aug 07, 2025",Skystone Games,Neoludic games,Strategy,,,,,"Apr 14, 2026",,,clz
Toaplan Arcade Collection Vol. 1,Nintendo Switch,,owned,,,,,"Aug 14, 2025",Clear River Games,,,,,,,"Aug 19, 2025",,,clz
Toaplan Arcade Collection Vol. 2,Nintendo Switch,,owned,,,,,"Aug 14, 2025",Clear River Games,,,,,,,"Aug 16, 2025",,,clz
Tokyo Mirage Sessions #FE Encore,Nintendo Switch,,owned,,,,,"Jan 17, 2020",Nintendo,Atlus,RPG,,,,,"Apr 15, 2025",,,clz
Touhou Bubble Spell,Nintendo Switch,,owned,,,,,"Oct 29, 2020",Arc System Works,Taito,Music | Puzzle | Rhythm,,,,,"Apr 15, 2025",,,clz
Towa and the Guardians of the Sacred Tree,Nintendo Switch,,owned,,,,,"Sep 19, 2025",Bandai Namco,,RPG,,,,,"Sep 23, 2025",,,clz
Trails In The Sky 1st Chapter,Nintendo Switch,,owned,,,,,"Sep 19, 2025",Clear River Games,Falcom,RPG,,,,,"Sep 27, 2025",,,clz
Triangle Strategy,Nintendo Switch,,owned,,,,,"Mar 04, 2022",Square Enix,Artdink,RPG | Strategy,,,,,"Apr 15, 2025",,,clz
Trigger Witch,Nintendo Switch,,owned,,,,,"Nov 16, 2021",Eastasiasoft Limited,Rainbite Limited,Shoot'em Up | Shooter,,,,,"Apr 15, 2025",,,clz
Turok Trilogy Bundle,Nintendo Switch,,owned,,,,,"Oct 31, 2025",,Nightdive Studios,FPS,,,,,"Nov 03, 2025",,,clz
Under Defeat,Nintendo Switch,,owned,,,,,"Apr 24, 2025",Clear River Games,City Connection,Action | Shooter,,,,,"Apr 29, 2025",,,clz
Unicorn Overlord,Nintendo Switch,,owned,,,,,"Mar 08, 2023",Atlus,Vanillaware,RPG | Strategy,,,,,"Apr 15, 2025",,,clz
Valis: The Fantasm Soldier Collection,Nintendo Switch,,owned,,,,,"Jan 07, 2022",Limited Run Games,Telenet Japan,Action | Adventure | Platformer,,,,,"Apr 15, 2025",,,clz
Valis: The Fantasm Soldier Collection III,Nintendo Switch,,owned,,,,,"Dec 07, 2023",Limited Run Games,Telenet Japan,Platformer,,,,,"Aug 02, 2025",,,clz
VIRTUAL GIRL @ WORLD'S END,Nintendo Switch,,owned,,,,,"Jun 12, 2025",Bushiroad,Headlock,Visual Novel,,,,,"Sep 04, 2025",,,clz
Waifu Discovered 2: Medieval Fantasy,Nintendo Switch,,owned,,,,,"May 13, 2022",Funbox Media,One Hand Free Studios,Action,,,,,"Apr 15, 2025",,,clz
Waifu Uncovered,Nintendo Switch,,owned,,,,,"Nov 20, 2020",Funbox Media,One Hand Free Studios,Action,,,,,"Apr 15, 2025",,,clz
WarioWare: Get It Together!,Nintendo Switch,,owned,,,,,"Sep 10, 2021",Nintendo,Nintendo,Action,,,,,"Apr 15, 2025",,,clz
WarioWare: Move It!,Nintendo Switch,,owned,,,,,"Nov 03, 2023",Nintendo,Intelligent Systems,Party,,,,,"Apr 15, 2025",,,clz
Wife Quest,Nintendo Switch,,owned,,,,,"Mar 09, 2025",Premium Edition Games,Pippin Games,Platformer,,,,,"May 10, 2025",,,clz
Wonder Boy: Asha in Monster World,Nintendo Switch,,owned,,,,,"May 28, 2021",ININ Games,Monkeycraft,Platformer,,,,,"Apr 15, 2025",,,clz
Xenoblade Chronicles 2,Nintendo Switch,,owned,,,,,"Dec 01, 2017",Nintendo,Monolith Software,RPG,,,,,"Apr 15, 2025",,,clz
Xenoblade Chronicles 2: Torna - The Golden Country,Nintendo Switch,,owned,,,,,"Sep 21, 2018",Nintendo,Monolith Software,RPG,,,,,"Apr 15, 2025",,,clz
Xenoblade Chronicles 3,Nintendo Switch,,owned,,,,,"Jul 29, 2022",Nintendo,Monolith Software,RPG,,,,,"Apr 15, 2025",,,clz
Xenoblade Chronicles: Definitive Edition,Nintendo Switch,,owned,,,,,"May 29, 2020",Nintendo,Monolith Software,RPG,,,,,"Apr 15, 2025",,,clz
Xenoblade Chronicles X: Definitive Edition,Nintendo Switch,,owned,,,,,"Mar 20, 2025",Nintendo,Monolith Software,RPG,,,,,"Apr 15, 2025",,,clz
Yobarai Detective: Miasma Breaker,Nintendo Switch,,owned,,,,,"Feb 05, 2026",Arc System Works,Mebius,Action | Hack & Slash | RPG,,,,,"Apr 04, 2026",,,clz
Yono and the Celestial Elephants,Nintendo Switch,,owned,,,,,"Oct 12, 2017",Plug In Digital,Neckbolt,Adventure,,,,,"Apr 15, 2025",,,clz
Yoshi's Crafted World,Nintendo Switch,,owned,,,,,"Mar 29, 2019",Nintendo,Good-Feel,Platformer,,,,,"Apr 15, 2025",,,clz
Ys Memoire: Memories of Celceta,Nintendo Switch,,owned,,,,,,Marvelous,Falcom,,,,,,"Apr 28, 2026",,,clz
Yu-Gi-Oh! Early Days Collection,Nintendo Switch,,owned,,,,,"Feb 27, 2025",Konami Digital Entertainment GmbH,Digital Eclipse,Compilation,,,,,"Apr 15, 2025",,,clz
Animal Crossing: Amiibo Festival,Wii U,,owned,,,,,"Nov 20, 2015",Nintendo,Nintendo,Party,,,,,"Apr 15, 2025",,,clz
Kirby and the Rainbow Curse,Wii U,,owned,,,,,"May 08, 2015",Nintendo,Nintendo,Action/Adventure,,,,,"Apr 15, 2025",,,clz
LEGO Marvel Super Heroes,Wii U,,owned,,,,,"Nov 15, 2013",Warner Bros Interactive,Travellers Tales,Action/Adventure,,,,,"Apr 15, 2025",,,clz
LEGO Star Wars: The Force Awakens,Wii U,,owned,,,,,"Jul 08, 2016",Warner Bros Interactive,Travellers Tales,Action/Adventure,,,,,"Apr 15, 2025",,,clz
Mario Tennis: Ultra Smash,Wii U,,owned,,,,,"Nov 20, 2015",Nintendo,Nintendo,Sports,,,,,"Apr 15, 2025",,,clz
Mass Effect 3,Wii U,,owned,,,,,"Nov 30, 2012",Electronic Arts,BioWare,RPG,,,,,"Apr 15, 2025",,,clz
Paper Mario Color Splash,Wii U,,owned,,,,,"Oct 07, 2016",Nintendo,Nintendo,Action/Adventure | RPG,,,,,"Apr 15, 2025",,,clz
Star Fox Zero,Wii U,,owned,,,,,"Apr 22, 2016",Nintendo,Nintendo,Action/Adventure,,,,,"Apr 15, 2025",,,clz
Super Mario Maker,Wii U,,owned,,,,,"Sep 11, 2015",Nintendo,Nintendo,Entertainment | Platformer | Productivity,,,,,"Apr 15, 2025",,,clz
The Legend of Zelda: The Wind Waker HD,Wii U,,owned,,,,,"Oct 04, 2013",Nintendo,Nintendo,Action/Adventure | Adventure,,,,,"Apr 15, 2025",,,clz
The LEGO Movie Videogame,Wii U,,owned,,,,,"Feb 14, 2014",Warner Bros Interactive,Travellers Tales,Action/Adventure,,,,,"Apr 15, 2025",,,clz
Yoshi's Woolly World,Wii U,,owned,,,,,"Jun 26, 2015",Nintendo,Nintendo,Adventure | Platformer,,,,,"Apr 15, 2025",,,clz
Donkey Kong 64,Nintendo 64,,owned,,,,,"Nov 23, 1999",Nintendo,Rare,Platformer,,,,,"Apr 15, 2025",,,clz
Mario Tennis,Nintendo 64,,owned,,,,,"Jul 21, 2000",Nintendo,Camelot Software Planning,Sports,,,,,"Apr 15, 2025",,,clz
NBA Hang Time,Nintendo 64,,owned,,,,,"Jan 17, 1997",Midway,Fun Com,Sports,,,,,"Apr 15, 2025",,,clz
Pokémon Snap,Nintendo 64,,owned,,,,,"Jul 26, 1999",Nintendo,HAL Laboratory,Adventure | Simulation,,,,,"Apr 15, 2025",,,clz
Pokémon Stadium,Nintendo 64,,owned,,,,,"Mar 13, 2000",Nintendo,HAL Labs,Battle | Strategy,,,,,"Apr 15, 2025",,,clz
Pokémon Stadium 2,Nintendo 64,,owned,,,,,"Mar 26, 2001",Nintendo,HAL Laboratory,Battle | Fighting | Strategy,,,,,"Apr 15, 2025",,,clz
Super Mario 64,Nintendo 64,,owned,,,,,"Sep 26, 1996",Nintendo,Nintendo,Adventure | Platformer,,,,,"Apr 14, 2025",,,clz
Pokémon Alpha Sapphire,Nintendo 3DS,,owned,,,,,"Nov 28, 2014",Nintendo,Game Freak,RPG,,,,,"Apr 15, 2025",,,clz
Pokémon Moon,Nintendo 3DS,,owned,,,,,"Nov 23, 2016",Nintendo,Nintendo,RPG,,,,,"Apr 15, 2025",,,clz
Pokémon X,Nintendo 3DS,,owned,,,,,"Oct 12, 2013",Nintendo,Game Freak,RPG,,,,,"Apr 15, 2025",,,clz
Professor Layton and the Azran Legacy,Nintendo 3DS,,owned,,,,,"Nov 08, 2013",Nintendo,Level-5,Puzzle,,,,,"Apr 15, 2025",,,clz
Super Monkey Ball,Nintendo 3DS,,owned,,,,,"Mar 21, 2011",Sega,Sega,Action,,,,,"Apr 15, 2025",,,clz
The Legend of Zelda: Ocarina of Time 3D,Nintendo 3DS,,owned,,,,,"Jun 20, 2011",Nintendo,Nintendo,Action/Adventure | RPG,,,,,"Apr 15, 2025",,,clz
Bibi Blocksberg: Der verhexte Schloss-Schatz,Nintendo DS,,owned,,,,,2012,Kiddinx,Bitfield,,,,,,"Apr 15, 2025",,,clz
Metroid Prime: Hunters: First Hunt,Nintendo DS,,owned,,,,,"Aug 22, 2005",Nintendo,Nintendo,FPS,,,,,"Apr 15, 2025",,,clz
Pokémon Black Version,Nintendo DS,,owned,,,,,"Mar 06, 2011",Nintendo,Nintendo,RPG,,,,,"Apr 15, 2025",,,clz
Pokémon Black Version 2,Nintendo DS,,owned,,,,,"Oct 12, 2012",Nintendo,Game Freak,RPG,,,,,"Apr 15, 2025",,,clz
Professor Layton and the Lost Future,Nintendo DS,,owned,,,,,"Sep 14, 2010",Nintendo,Level-5,Adventure | Puzzle,,,,,"Apr 15, 2025",,,clz
Yu-Gi-Oh! Nightmare Troubadour,Nintendo DS,,owned,,,,,"Aug 30, 2005",Konami Digital Entertainment,Konami,Action | Card,,,,,"Apr 15, 2025",,,clz
Advance Wars,Game Boy Advance,,owned,,,,,"Sep 11, 2001",Nintendo,Intelligent Systems,Strategy,,,,,"Apr 15, 2025",,,clz
Dragon Ball Z: The Legacy of Goku,Game Boy Advance,,owned,,,,,"May 14, 2002",Infogrames,"Webfoot Technologies, Inc.",RPG,,,,,"Apr 15, 2025",,,clz
F-Zero: Maximum Velocity,Game Boy Advance,,owned,,,,,"Jun 11, 2001",Nintendo,Nintendo,Racing,,,,,"Apr 15, 2025",,,clz
Final Fantasy I & II: Dawn of Souls,Game Boy Advance,,owned,,,,,"Nov 29, 2004",Nintendo,Square Enix,RPG,,,,,"Apr 15, 2025",,,clz
Final Fantasy Tactics Advance,Game Boy Advance,,owned,,,,,"Sep 11, 2003",Nintendo,Square Enix,RPG | Strategy,,,,,"Apr 15, 2025",,,clz
Golden Sun,Game Boy Advance,,owned,,,,,"Nov 13, 2001","Nintendo of America, Inc.",Camelot Software Planning,RPG,,,,,"Apr 15, 2025",,,clz
Mario Kart Super Circuit,Game Boy Advance,,owned,,,,,"Aug 28, 2001",Nintendo,Intelligent Systems,Racing,,,,,"Apr 15, 2025",,,clz
Pokémon Leaf Green Version,Game Boy Advance,,owned,,,,,"Sep 08, 2004",Nintendo,Game Freak,RPG,,,,,"Apr 15, 2025",,,clz
Pokémon Pinball: Ruby & Sapphire,Game Boy Advance,,owned,,,,,"Aug 25, 2003",Nintendo,Nintendo,Pinball,,,,,"Apr 15, 2025",,,clz
Pokémon Ruby Version,Game Boy Advance,,owned,,,,,"Mar 18, 2003",Nintendo,Game Freak,RPG,,,,,"Apr 15, 2025",,,clz
Shining Soul II,Game Boy Advance,,owned,,,,,"Apr 21, 2004",Atlus,Sega,Action | RPG,,,,,"Apr 15, 2025",,,clz
Star Wars: Episode II Attack of the Clones,Game Boy Advance,,owned,,,,,"May 31, 2002",THQ,David A. Palmer IMS Productions,Action,,,,,"Apr 15, 2025",,,clz
Super Mario World: Super Mario Advance 2,Game Boy Advance,,owned,,,,,"Feb 11, 2002","Nintendo of America, Inc.",Nintendo,Action | Adventure | Platformer,,,,,"Apr 15, 2025",,,clz
Tekken Advance,Game Boy Advance,,owned,,,,,"Feb 01, 2002",Namco,Namco,Fighting,,,,,"Apr 15, 2025",,,clz
Wario Land 4,Game Boy Advance,,owned,,,,,"Nov 16, 2001",Nintendo,Nintendo,Action | Platformer,,,,,"Apr 15, 2025",,,clz
Yu-Gi-Oh! The Sacred Cards,Game Boy Advance,,owned,,,,,"Nov 04, 2003",Konami,Konami,RPG,,,,,"Apr 15, 2025",,,clz
Yu-Gi-Oh! World Championship Tournament 2004,Game Boy Advance,,owned,,,,,"Feb 11, 2004",Konami,Konami,Card,,,,,"Apr 15, 2025",,,clz
Yu-Gi-Oh! Worldwide Edition: Stairway to the Destined Duel,Game Boy Advance,,owned,,,,,"Apr 16, 2003",Konami,Konami,Card,,,,,"Apr 15, 2025",,,clz
Pokémon Crystal Version,Game Boy Color,,owned,,,,,"Jul 30, 2001",Nintendo,Game Freak,RPG,,,,,"Apr 15, 2025",,,clz
Pokémon Gold Version,Game Boy Color,,owned,,,,,"Oct 14, 2000",Nintendo,Game Freak,RPG,,,,,"Apr 15, 2025",,,clz
Pokémon Pinball,Game Boy Color,,owned,,,,,"Jul 31, 1999",Nintendo,Jupiter,Action | Pinball,,,,,"Apr 15, 2025",,,clz
Pokémon Silver Version,Game Boy Color,,owned,,,,,"Oct 12, 2000",Nintendo,Game Freak,Adventure | Fighting | RPG,,,,,"Apr 15, 2025",,,clz
Pokémon Trading Card Game,Game Boy Color,,owned,,,,,"Apr 17, 2000","Nintendo of America, Inc.",Nintendo Co. Ltd.,Card | Strategy,,,,,"Apr 15, 2025",,,clz
Batman: Return of the Joker,Game Boy,,owned,,,,,1992,Sunsoft,Sunsoft,Action,,,,,"Apr 15, 2025",,,clz
Golf,Game Boy,,owned,,,,,"Mar 28, 1990",Nintendo,Nintendo Co. Ltd.,Sports,,,,,"Apr 15, 2025",,,clz
Mickey's Dangerous Chase,Game Boy,,owned,,,,,1991,"Capcom USA, Inc.","Capcom Co., Ltd.",Action,,,,,"Apr 15, 2025",,,clz
Pokémon Yellow Version,Game Boy,,owned,,,,,"Oct 19, 1999",Nintendo,"Game Freak, Inc.",Action | RPG,,,,,"Apr 15, 2025",,,clz
Super Mario Land 2: 6 Golden Coins,Game Boy,,owned,,,,,"Nov 01, 1992","Nintendo of America, Inc.",Nintendo Co. Ltd.,Platformer,,,,,"Apr 15, 2025",,,clz
The Legend of Zelda: Link's Awakening,Game Boy,,owned,,,,,"Nov 18, 1993",Nintendo,Nintendo,Action/Adventure | RPG,,,,,"Apr 15, 2025",,,clz
Wave Race,Game Boy,,owned,,,,,Jul 1992,Nintendo,Pax Softonica,Racing,,,,,"Apr 15, 2025",,,clz
Alan Wake Remastered,PlayStation 5,,owned,,,,,"Oct 05, 2021",Epic Entertainment,Remedy,Action/Adventure,,,,,"Apr 15, 2025",,,clz
Alone in the Dark,PlayStation 5,,owned,,,,,"Mar 20, 2024",THQ Nordic,Pieces Interactive,Action | Adventure | Horror,,,,,"Jul 24, 2026",,,clz
Assassin's Creed Black Flag Resynced,PlayStation 5,,owned,,,,,"Jul 09, 2026",Ubisoft,Ubisoft,Action/Adventure | Sandbox | Stealth,,,,,"Jul 11, 2026",,,clz
Assassin's Creed Mirage,PlayStation 5,,owned,,,,,"Oct 12, 2023",Ubisoft,Ubisoft,Action/Adventure,,,,,"Jul 24, 2026",,,clz
Assassin's Creed Valhalla,PlayStation 5,,owned,,,,,"Nov 12, 2020",Ubisoft,Ubisoft,Action/Adventure,,,,,"Jul 24, 2026",,,clz
Astro Bot,PlayStation 5,,owned,,,,,"Sep 06, 2024",SIEE,Team Asobi,Platformer,,,,,"Apr 15, 2025",,,clz
Atomic Heart,PlayStation 5,,owned,,,,,"Feb 21, 2023",Focus Home Interactive,Mundfish,FPS,,,,,"Jul 11, 2026",,,clz
Beast Of Reincarnation,PlayStation 5,,owned,,,,,"Aug 04, 2026",Fictions,Game Freak,Action | RPG,,,,,"Aug 04, 2026",,,clz
Black Myth: Wukong,PlayStation 5,,owned,,,,,"Dec 12, 2024",PM Studios,Game Science,Action/Adventure,,,,,"Aug 25, 2026",,,clz
BloodRayne 2: ReVamped,PlayStation 5,,owned,,,,,"Nov 14, 2022",Limited Run Games,Ziggurat,Action | Adventure,,,,,"Apr 15, 2025",,,clz
Bloodrayne: ReVamped,PlayStation 5,,owned,,,,,"Nov 14, 2022",Limited Run Games,Ziggurat,Action | Adventure,,,,,"Apr 15, 2025",,,clz
Control,PlayStation 5,,owned,,,,,"Mar 02, 2021",505 Games,Remedy,Action/Adventure,,,,,"Jul 17, 2026",,,clz
Crimson Desert,PlayStation 5,,owned,,,,,"Mar 19, 2026",Plaion,Pearl Abyss,Action/Adventure,,,,,"Aug 28, 2026",,,clz
Dead Island 2,PlayStation 5,,owned,,,,,"Apr 21, 2023",Deep Silver,Dambuster Studios,FPS,,,,,"Apr 15, 2025",,,clz
Death Stranding 2: On The Beach,PlayStation 5,,owned,,,,,"Jun 26, 2025",SIEE,Kojima Productions,Action | Adventure,,,,,"Sep 07, 2026",,,clz
Deathloop,PlayStation 5,,owned,,,,,"Sep 14, 2021",Bethesda Softworks,Arkane Studios,FPS,,,,,"Apr 15, 2025",,,clz
Demon's Souls,PlayStation 5,,owned,,,,,"Nov 12, 2020",SIEE,Bluepoint Games,RPG,,,,,"Apr 15, 2025",,,clz
Directive 8020,PlayStation 5,,owned,,,,,"May 12, 2026",Bandai Namco,Supermassive Games,Action/Adventure | Survival,,,,,"Aug 28, 2026",,,clz
Fable,PlayStation 5,,ordered,,,,,,,,,,,,,,,,clz
Final Fantasy VII Rebirth,PlayStation 5,,owned,,,,,"Feb 29, 2024",Square Enix,Square Enix,RPG,,,,,"Apr 15, 2025",,,clz
Final Fantasy XVI,PlayStation 5,,owned,,,,,"Jun 22, 2023",Square Enix,Creative Business Unit III,Action | RPG,,,,,"Apr 15, 2025",,,clz
Full Metal Schoolgirl,PlayStation 5,,owned,,,,,"Oct 23, 2025",D3Publisher,Yuke's,Third Person Shooter,,,,,"Sep 25, 2026",,,clz
Ghost of Yōtei,PlayStation 5,,owned,,,,,"Oct 02, 2025",Sony Computer Entertainment Europe,Sucker Punch,Action/Adventure,,,,,"Oct 02, 2025",,,clz
God of War: Ragnarök,PlayStation 5,,owned,,,,,"Nov 09, 2022",SCEE,SCEI,Action,,,,,"Apr 15, 2025",,,clz
Gran Turismo 7,PlayStation 5,,owned,,,,,"Mar 04, 2022",SIEE,Polyphony D.,Racing,,,,,"Apr 15, 2025",,,clz
Halo: Campaign Evolved,PlayStation 5,,owned,,,,,"Jul 28, 2026",Microsoft,HAL Labs,Action/Adventure | FPS | Shooter,,,,,"Sep 07, 2026",,,clz
Horizon Forbidden West,PlayStation 5,,owned,,,,,"Feb 18, 2022",SIEE,Guerrilla,Action/Adventure,,,,,"Apr 15, 2025",,,clz
Kena: Bridge of Spirits,PlayStation 5,,owned,,,,,"Nov 19, 2021",Maximum Games,Ember Lab,Action/Adventure,,,,,"Apr 15, 2025",,,clz
LEGO Batman: Legacy of the Dark Knight,PlayStation 5,,owned,,,,,"May 19, 2026",Warner Bros Interactive,Travellers Tales,Action/Adventure | Open World,,,,,"Jul 11, 2026",,,clz
Lords Of The Fallen,PlayStation 5,,owned,,,,,"Oct 13, 2023",CI Games,Hexworks,RPG,,,,,"Jul 29, 2026",,,clz
Marvel's Spider-Man 2,PlayStation 5,,owned,,,,,"Oct 20, 2023",Sony Computer Entertainment Europe,Insomniac Games,Action/Adventure,,,,,"Apr 15, 2025",,,clz
Marvel's Spider-Man: Miles Morales,PlayStation 5,,owned,,,,,"Nov 12, 2020",SIEE,Insomniac Games,Action/Adventure,,,,,"Apr 15, 2025",,,clz
Marvel's Wolverine,PlayStation 5,,owned,,,,,"Sep 15, 2026",,,Action | Adventure,,,,,"Sep 15, 2026",,,clz
Marvel Tokon: Fighting Souls,PlayStation 5,,owned,,,,,"Aug 06, 2026",SIEE,Arc System Works,Fighting,,,,,"Aug 08, 2026",,,clz
Metal Gear Solid Delta: Snake Eater,PlayStation 5,,owned,,,,,"Aug 28, 2025",Konami Digital Entertainment GmbH,Konami,Action | Adventure,,,,,"Aug 07, 2026",,,clz
Metal Gear Solid: Master Collection Vol. 1,PlayStation 5,,owned,,,,,"Oct 24, 2023",Konami Digital Entertainment GmbH,Konami,Action | Tactical,,,,,"Jul 20, 2026",,,clz
Metal Gear Solid: Master Collection Vol.2,PlayStation 5,,owned,,,,,"Aug 27, 2026",,,Action | Adventure,,,,,"Aug 28, 2026",,,clz
Ninja Gaiden 2 Black,PlayStation 5,,owned,,,,,"Jan 23, 2025",Koei Tecmo Games,Team Ninja,Action,,,,,"Sep 25, 2026",,,clz
Ninja Gaiden 4,PlayStation 5,,owned,,,,,"Oct 21, 2025",KOEI TECMO Europe,Team Ninja,Action/Adventure,,,,,"Aug 28, 2026",,,clz
Nioh 3,PlayStation 5,,owned,,,,,"Feb 06, 2026",KOEI TECMO Europe,Team Ninja,Action/Adventure | RPG,,,,,"Jul 20, 2026",,,clz
Onimusha: Way Of The Sword,PlayStation 5,,owned,,,,,"Sep 04, 2026",Capcom,Capcom,Action | Adventure,,,,,"Sep 04, 2026",,,clz
Pragmata,PlayStation 5,,owned,,,,,"Apr 17, 2026",Capcom,Capcom,Action/Adventure | Third Person Shooter,,,,,"Sep 09, 2026",,,clz
Ratchet & Clank: Rift Apart,PlayStation 5,,owned,,,,,"Jun 11, 2021",SIEE,Insomniac Games,Platformer | Shooter,,,,,"Apr 15, 2025",,,clz
Resident Evil 2,PlayStation 5,,owned,,,,,"Dec 06, 2024",Capcom,M2,Action/Adventure | Horror,,,,,"Jul 24, 2026",,,clz
Resident Evil 3,PlayStation 5,,owned,,,,,"Jan 10, 2025",Capcom,M2,Action/Adventure,,,,,"Aug 28, 2026",,,clz
Resident Evil 4,PlayStation 5,,owned,,,,,"Mar 24, 2023",Capcom,Capcom,Action | Action/Adventure | Horror,,,,,"Sep 09, 2026",,,clz
Resident Evil: Biohazard,PlayStation 5,,owned,,,,,"Dec 10, 2024",Capcom,Capcom,Action | Survival Horror,,,,,"Aug 28, 2026",,,clz
Resident Evil Village,PlayStation 5,,owned,,,,,"May 07, 2021",Capcom,Capcom,Action/Adventure,,,,,"Aug 28, 2026",,,clz
Returnal,PlayStation 5,,owned,,,,,"Apr 30, 2021",SIEE,Housemarque,Action | Shooter,,,,,"Apr 15, 2025",,,clz
Rise of the Ronin,PlayStation 5,,owned,,,,,"Mar 22, 2024",TECMO KOEI Europe,Team Ninja,Action | Adventure,,,,,"Apr 15, 2025",,,clz
RoboCop: Rogue City - Collection,PlayStation 5,,owned,,,,,"Jul 17, 2025",Nacon,Teyon,Action/Adventure | Compilation,,,,,"Sep 04, 2026",,,clz
Sackboy: A Big Adventure,PlayStation 5,,owned,,,,,"Nov 12, 2020",SIEE,Sumo Digital,Platformer,,,,,"Apr 15, 2025",,,clz
Saints Row,PlayStation 5,,owned,,,,,"Aug 23, 2022",Deep Silver,Volition,Action | Action/Adventure | Adventure,,,,,"Apr 15, 2025",,,clz
Saros,PlayStation 5,,owned,,,,,"Apr 30, 2026",SIEE,Housemarque,Third Person Shooter,,,,,"Apr 30, 2026",,,clz
Silent Hill f,PlayStation 5,,owned,,,,,"Sep 25, 2025",Konami Digital Entertainment GmbH,NeoBards Entertainment,Horror,,,,,"Aug 28, 2026",,,clz
Star Ocean: The Divine Force,PlayStation 5,,owned,,,,,"Oct 27, 2022",Square Enix,Tri-Ace,Action | RPG,,,,,"Jul 24, 2026",,,clz
Stellar Blade,PlayStation 5,,owned,,,,,"Apr 26, 2024",SIEE,,Action | Adventure,,,,,"Apr 15, 2025",,,clz
Stranger of Paradise: Final Fantasy Origin,PlayStation 5,,owned,,,,,"Mar 18, 2022",Square Enix,Team Ninja,RPG,,,,,"Apr 15, 2025",,,clz
The Blood Of Dawnwalker,PlayStation 5,,owned,,,,,"Sep 03, 2026",Bandai Namco,Rebel Wolves,Action | RPG,,,,,"Sep 04, 2026",,,clz
The King of Fighters XV,PlayStation 5,,owned,,,,,"Feb 17, 2022",KOCH Media,SNK Corporation,Arcade | Fighting,,,,,"Apr 15, 2025",,,clz
The Nioh Collection,PlayStation 5,,owned,,,,,"Feb 05, 2021",TECMO KOEI Europe,Team Ninja,Action,,,,,"Jul 24, 2026",,,clz
Venus Vacation Prism: Dead Or Alive Xtreme,PlayStation 5,,owned,,,,,"Mar 27, 2025",Koei Tecmo Games,Team Ninja,Simulation | Visual Novel,,,,,"Apr 17, 2025",,,clz
WUCHANG: Fallen Feathers,PlayStation 5,,owned,,,,,"Jul 24, 2025",505 Games,Leenzee Games,RPG,,,,,"Jul 24, 2026",,,clz
Assassin's Creed IV: Black Flag,PlayStation 4,,owned,,,,,"Nov 22, 2013",Ubisoft,Ubisoft,Action,,,,,"Apr 15, 2025",,,clz
Assassin's Creed: Odyssey,PlayStation 4,,owned,,,,,"Oct 05, 2018",Ubisoft,Ubisoft,Action/Adventure,,,,,"Jul 24, 2026",,,clz
Assassin's Creed Origins,PlayStation 4,,owned,,,,,"Oct 27, 2017",Ubisoft,Ubisoft,Action,,,,,"Apr 15, 2025",,,clz
Assassin's Creed: Rogue Remastered,PlayStation 4,,owned,,,,,"Mar 20, 2018",Ubisoft,Ubisoft,Action/Adventure,,,,,"Jul 24, 2026",,,clz
Assassin's Creed Syndicate,PlayStation 4,,owned,,,,,"Oct 23, 2015",Ubisoft,Ubisoft,Action,,,,,"Jul 24, 2026",,,clz
Assassin's Creed: Unity,PlayStation 4,,owned,,,,,"Nov 14, 2014",Ubisoft,Ubisoft,Action,,,,,"Apr 15, 2025",,,clz
Batman: Arkham Knight,PlayStation 4,,owned,,,,,"Jun 23, 2015",Warner Bros Interactive,Rocksteady Studios,Action,,,,,"Apr 15, 2025",,,clz
Bloodborne,PlayStation 4,,owned,,,,,"Mar 25, 2015",SCEE,From Software,RPG,,,,,"Aug 04, 2026",,,clz
Concrete Genie,PlayStation 4,,owned,,,,,"Oct 09, 2019",SIEE,Pixelopus,Action/Adventure,,,,,"Apr 15, 2025",,,clz
Diablo III: Ultimate Evil Edition,PlayStation 4,,owned,,,,,"Aug 19, 2014",Activision,Blizzard Entertainment,RPG,,,,,"Apr 15, 2025",,,clz
Dragon Quest XI: Echoes Of An Elusive Age,PlayStation 4,,owned,,,,,"Sep 04, 2018",Square Enix,Square Enix,RPG,,,,,"Apr 15, 2025",,,clz
DriveClub,PlayStation 4,,owned,,,,,"Oct 10, 2014",SCEE,Evolution Studios,Racing,,,,,"Apr 15, 2025",,,clz
Final Fantasy VII Remake,PlayStation 4,,owned,,,,,"Apr 10, 2020",Square Enix,Square Enix,RPG,,,,,"Apr 15, 2025",,,clz
Ghost of Tsushima,PlayStation 4,,owned,,,,,"Jul 17, 2020",SIEE,Sucker Punch,Action/Adventure,,,,,"Apr 15, 2025",,,clz
Horizon: Zero Dawn,PlayStation 4,,owned,,,,,"Mar 03, 2017",SIEE,Guerrilla,Action/Adventure | RPG,,,,,"Apr 15, 2025",,,clz
John Wick Hex,PlayStation 4,,owned,,,,,"Dec 04, 2020",Good Shepherd Entertainment,Bithell Games,Strategy,,,,,"Jul 24, 2026",,,clz
Killzone: Shadow Fall,PlayStation 4,,owned,,,,,"Nov 29, 2013",SCEE,Guerrilla Games,Action | Shooter,,,,,"Apr 15, 2025",,,clz
Kingdom Hearts III,PlayStation 4,,owned,,,,,"Jan 29, 2019",Square Enix,Square Enix,RPG,,,,,"Apr 15, 2025",,,clz
Mark McMorris Infinite Air,PlayStation 4,,owned,,,,,"Oct 25, 2016",Maximum Games,HB Studios Multimedia,Action | Adventure,,,,,"Jul 24, 2026",,,clz
Marvel's Avengers,PlayStation 4,,owned,,,,,"Sep 04, 2020",Square Enix,Crystal Dynamics,Action/Adventure,,,,,"Apr 15, 2025",,,clz
Mass Effect: Andromeda,PlayStation 4,,owned,,,,,"Mar 23, 2017",Electronic Arts,BioWare,RPG,,,,,"Apr 15, 2025",,,clz
Mortal Shell,PlayStation 4,,owned,,,,,"Oct 23, 2020",Playstack,Cold Symmetry,Action | RPG,,,,,"Aug 07, 2026",,,clz
NBA 2K14,PlayStation 4,,owned,,,,,"Nov 29, 2013",2K Sports,Visual Concepts,Sports,,,,,"Apr 15, 2025",,,clz
Need for Speed: Rivals,PlayStation 4,,owned,,,,,"Nov 29, 2013",Electronic Arts,Ghost Games,Racing,,,,,"Apr 15, 2025",,,clz
Neptunia x Senran Kagura: Ninja Wars,PlayStation 4,,owned,,,,,"Oct 29, 2021",Idea Factory International,Tamsoft,RPG,,,,,"Apr 15, 2025",,,clz
Ni No Kuni 2: Revenant Kingdom,PlayStation 4,,owned,,,,,"Mar 23, 2018",Bandai Namco,Level-5,RPG,,,,,"Apr 15, 2025",,,clz
Ninja Gaiden: Master Collection,PlayStation 4,,owned,,,,,"Jun 11, 2021",,,Action | Adventure,,,,,"Apr 15, 2025",,,clz
No Man's Sky,PlayStation 4,,owned,,,,,"Aug 12, 2016",SCEE,Hello Games,Action | Sandbox,,,,,"Apr 15, 2025",,,clz
Omen of Sorrow,PlayStation 4,,owned,,,,,"Nov 06, 2018",Soedesco,AOne Games,Fighting,,,,,"Apr 15, 2025",,,clz
Persona 5 Royal,PlayStation 4,,owned,,,,,"Mar 31, 2020",Deep Silver,Atlus,RPG,,,,,"Apr 15, 2025",,,clz
Project CARS,PlayStation 4,,owned,,,,,"May 08, 2015",Bandai Namco,Slightly Mad Studios,Racing,,,,,"Apr 15, 2025",,,clz
Resident Evil 5,PlayStation 4,,owned,,,,,"Jun 28, 2016",Capcom,Capcom,Action | Survival Horror,,,,,"Jul 24, 2026",,,clz
Resident Evil 6,PlayStation 4,,owned,,,,,"Mar 29, 2016",Capcom,Capcom,Horror | Shooter,,,,,"Jul 24, 2026",,,clz
Resident Evil Origins Collection,PlayStation 4,,owned,,,,,"Jan 19, 2016",Capcom,Capcom,Action/Adventure,,,,,"Jul 24, 2026",,,clz
Resident Evil: Revelations 2,PlayStation 4,,owned,,,,,"Mar 17, 2015",Capcom,Capcom,Action | Survival Horror,,,,,"Jul 24, 2026",,,clz
Sakura Wars,PlayStation 4,,owned,,,,,"Apr 28, 2020",Sega,Sega,Action,,,,,"Apr 15, 2025",,,clz
Samurai Shodown,PlayStation 4,,owned,,,,,"Jun 25, 2019",Athlon Games,SNK Corporation,Fighting,,,,,"Apr 15, 2025",,,clz
Star Ocean: Integrity and Faithlessness,PlayStation 4,,owned,,,,,"Jun 28, 2016",Square Enix,tri-Ace,Action | RPG,,,,,"Jul 24, 2026",,,clz
Star Wars: Republic Commando,PlayStation 4,,owned,,,,,"Apr 16, 2021",Aspyr,Aspyr Media,FPS,,,,,"Apr 15, 2025",,,clz
The Last of Us: Part II,PlayStation 4,,owned,,,,,"Jun 19, 2020",SIEE,Naughty Dog,Action,,,,,"Apr 15, 2025",,,clz
The Order: 1886,PlayStation 4,,owned,,,,,"Feb 20, 2015",Sony Interactive Entertainment,Ready at Dawn,Action,,,,,"Apr 15, 2025",,,clz
Thief,PlayStation 4,,owned,,,,,"Feb 25, 2014",Square Enix,Eidos Montréal,Action/Adventure,,,,,"Apr 15, 2025",,,clz
Uncharted 4: A Thief's End,PlayStation 4,,owned,,,,,"May 10, 2016",SCEE,Naughty Dog,Action/Adventure,,,,,"Apr 15, 2025",,,clz
Uncharted: The Lost Legacy,PlayStation 4,,owned,,,,,"Aug 22, 2017",SIEE,Naughty Dog,Action/Adventure,,,,,"Apr 15, 2025",,,clz
Uncharted: The Nathan Drake Collection,PlayStation 4,,owned,,,,,"Oct 09, 2015",SCEE,Naughty Dog,Action/Adventure | Compilation,,,,,"Apr 15, 2025",,,clz
Until Dawn,PlayStation 4,,owned,,,,,"Aug 28, 2015",SCEE,SuperMassive Games,Action | Action/Adventure,,,,,"Jul 24, 2026",,,clz
Watch Dogs 2,PlayStation 4,,owned,,,,,"Nov 15, 2016",Ubisoft,Ubisoft,Action,,,,,"Apr 15, 2025",,,clz
Wolfenstein: The Two Pack,PlayStation 4,,owned,,,,,"Feb 23, 2018",Bethesda Softworks,MachineGames,FPS,,,,,"Apr 15, 2025",,,clz
Wolfenstein: Youngblood,PlayStation 4,,owned,,,,,"Jul 26, 2019",Bethesda Softworks,MachineGames,FPS,,,,,"Apr 15, 2025",,,clz
007: Blood Stone,PlayStation 3,,owned,,,,,"Nov 02, 2010",Activision,Bizarre Creations,Racing | Shooter,,,,,"Jul 24, 2026",,,clz
3D Dot Game Heroes,PlayStation 3,,owned,,,,,"May 11, 2010",Atlus USA,From Software,Action,,,,,"Apr 15, 2025",,,clz
Ace Combat: Assault Horizon,PlayStation 3,,owned,,,,,"Oct 11, 2011",Namco Bandai,Project Aces,Action | Simulator,,,,,"Jul 24, 2026",,,clz
Agarest: Generations of War,PlayStation 3,,owned,,,,,"Oct 30, 2009",Ghostlight,Idea Factory,RPG,,,,,"Apr 15, 2025",,,clz
Ar tonelico Qoga: Knell of Ar Ciel,PlayStation 3,,owned,,,,,"Mar 14, 2011",NIS Europe,Gust,RPG,,,,,"Apr 15, 2025",,,clz
Bayonetta,PlayStation 3,,owned,,,,,"Jan 05, 2010",Sega,PlatinumGames Inc.,Action | Action/Adventure,,,,,"Apr 15, 2025",,,clz
Blur,PlayStation 3,,owned,,,,,"May 25, 2010",Activision,Bizarre Creations,Racing,,,,,"Apr 15, 2025",,,clz
Burnout Paradise,PlayStation 3,,owned,,,,,"Jan 22, 2008",Electronic Arts,Criterion Studios,Racing,,,,,"Apr 15, 2025",,,clz
Call of Duty: Black Ops,PlayStation 3,,owned,,,,,"Nov 09, 2010",Activision,Treyarch,FPS,,,,,"Apr 15, 2025",,,clz
Call of Duty: Modern Warfare 2,PlayStation 3,,owned,,,,,"Nov 10, 2009",Activision,Infinity Ward,FPS,,,,,"Apr 15, 2025",,,clz
Dead Island,PlayStation 3,,owned,,,,,"Sep 06, 2011",Deep Silver,Techland,Action | Action/Adventure | FPS,,,,,"Apr 15, 2025",,,clz
Dead Space 2,PlayStation 3,,owned,,,,,"Jan 25, 2011",Electronic Arts,Visceral Games,Survival Horror,,,,,"Apr 15, 2025",,,clz
Dead Space 3,PlayStation 3,,owned,,,,,"Feb 08, 2013",Electronic Arts,Visceral Games,Action/Adventure | Horror | Shooter,,,,,"Apr 15, 2025",,,clz
Dragon Age II,PlayStation 3,,owned,,,,,"Mar 08, 2011",Electronic Arts,BioWare,Action | Action/Adventure | RPG,,,,,"Apr 15, 2025",,,clz
Dragon Age: Origins,PlayStation 3,,owned,,,,,"Nov 03, 2009",Electronic Arts,BioWare,Action/Adventure | RPG,,,,,"Apr 15, 2025",,,clz
Drakengard 3,PlayStation 3,,owned,,,,,"May 21, 2014",Square Enix,Access Games,RPG,,,,,"Apr 15, 2025",,,clz
Enchanted Arms,PlayStation 3,,owned,,,,,"Apr 03, 2007",Ubisoft,From Software,Action | RPG,,,,,"Apr 15, 2025",,,clz
Far Cry 2,PlayStation 3,,owned,,,,,"Oct 21, 2008",Ubisoft,Ubisoft,FPS,,,,,"Apr 15, 2025",,,clz
Fast & Furious: Showdown,PlayStation 3,,owned,,,,,"May 24, 2013",Activision,Firebrand Games,Racing,,,,,"Jul 24, 2026",,,clz
FIFA 09,PlayStation 3,,owned,,,,,"Oct 14, 2008",Electronic Arts,EA Sports,Sports,,,,,"Apr 15, 2025",,,clz
Final Fantasy XIII,PlayStation 3,,owned,,,,,"Mar 09, 2010",Square Enix,Square Enix,RPG,,,,,"Apr 15, 2025",,,clz
Final Fantasy XIII-2,PlayStation 3,,owned,,,,,"Jan 31, 2012",Square Enix,Square Enix,RPG,,,,,"Apr 15, 2025",,,clz
Full Auto 2: Battlelines,PlayStation 3,,owned,,,,,"Dec 12, 2006",Sega,Pseudo Interactive,Action | Racing,,,,,"Apr 15, 2025",,,clz
Genji: Days Of The Blade,PlayStation 3,,owned,,,,,"Nov 13, 2006",SCEA,Game Republic,Action/Adventure,,,,,"Apr 15, 2025",,,clz
Ghostbusters: The Video Game,PlayStation 3,,owned,,,,,"Jun 16, 2009",Atari,Terminal Reality,Action/Adventure | Shooter,,,,,"Apr 15, 2025",,,clz
God of War: Ascension,PlayStation 3,,owned,,,,,"Mar 15, 2013",SCEA,SCEE,Action/Adventure | Hack & Slash,,,,,"Apr 15, 2025",,,clz
God of War III,PlayStation 3,,owned,,,,,"Mar 16, 2010",SCEA,SCEI,Action/Adventure | Hack & Slash,,,,,"Apr 15, 2025",,,clz
Gran Turismo 5,PlayStation 3,,owned,,,,,"Nov 24, 2010",SCEA,Polyphony D.,Racing,,,,,"Apr 15, 2025",,,clz
Grand Theft Auto IV,PlayStation 3,,owned,,,,,"Apr 29, 2008",Rockstar Games,Rockstar North,Action/Adventure | Sandbox,,,,,"Apr 15, 2025",,,clz
Grand Theft Auto V,PlayStation 3,,owned,,,,,"Sep 17, 2013",Rockstar Games,Rockstar North,Action/Adventure,,,,,"Apr 15, 2025",,,clz
Harry Potter and the Deathly Hallows Part 1,PlayStation 3,,owned,,,,,"Nov 16, 2010",Electronic Arts,EA Games,Action,,,,,"Apr 15, 2025",,,clz
Harry Potter and the Deathly Hallows Part 2,PlayStation 3,,owned,,,,,"Nov 16, 2010",Electronic Arts,EA Games,Action,,,,,"Apr 15, 2025",,,clz
Harry Potter and the Half-Blood Prince,PlayStation 3,,owned,,,,,"Jun 30, 2009",Electronic Arts,EA Games,Action/Adventure,,,,,"Apr 15, 2025",,,clz
Harry Potter and the Order of the Phoenix,PlayStation 3,,owned,,,,,"Jun 26, 2007",Electronic Arts,EA Games,Action/Adventure,,,,,"Apr 15, 2025",,,clz
Haze,PlayStation 3,,owned,,,,,"May 20, 2008",Ubisoft,Crytek UK (Free Radical D),FPS,,,,,"Apr 15, 2025",,,clz
Heavenly Sword,PlayStation 3,,owned,,,,,"Sep 25, 2007",SCEA,Ninja Theory,Action/Adventure,,,,,"Apr 15, 2025",,,clz
Heavy Rain,PlayStation 3,,owned,,,,,"Feb 23, 2010",SCEA,Quantic Dream,Adventure,,,,,"Apr 15, 2025",,,clz
Iron Man,PlayStation 3,,owned,,,,,"Apr 08, 2008",Sega,Sega,Action,,,,,"Apr 15, 2025",,,clz
Jak and Daxter Collection,PlayStation 3,,owned,,,,,"Feb 07, 2012",SCEA,Naughty Dog,Action,,,,,"Apr 15, 2025",,,clz
JoJo's Bizarre Adventure: All-Star Battle,PlayStation 3,,owned,,,,,"Apr 25, 2014",Bandai Namco,CyberConnect2,Fighting,,,,,"Apr 15, 2025",,,clz
Just Cause 2,PlayStation 3,,owned,,,,,"Mar 23, 2010",Square Enix,Avalanche Studios,Action | Action/Adventure | FPS,,,,,"Apr 15, 2025",,,clz
Kane & Lynch 2: Dog Days,PlayStation 3,,owned,,,,,"Aug 17, 2010",Eidos Interactive,IO Interactive,Action | Shooter,,,,,"Apr 15, 2025",,,clz
Kane & Lynch: Dead Men,PlayStation 3,,owned,,,,,"Nov 13, 2007",Eidos Interactive,IO Interactive,Action,,,,,"Apr 15, 2025",,,clz
Katamari Forever,PlayStation 3,,owned,,,,,"Sep 22, 2009",Namco Bandai,Bandai Namco,Puzzle,,,,,"Apr 15, 2025",,,clz
Killzone 2,PlayStation 3,,owned,,,,,"Feb 27, 2009",SCEA,Guerrilla,FPS,,,,,"Apr 15, 2025",,,clz
Killzone 3,PlayStation 3,,owned,,,,,"Feb 22, 2011",SCEA,Guerrilla,FPS | Shooter,,,,,"Apr 15, 2025",,,clz
LittleBigPlanet,PlayStation 3,,owned,,,,,"Oct 28, 2008",SCEA,Media Molecule,Entertainment | Platformer,,,,,"Apr 15, 2025",,,clz
Lollipop Chainsaw,PlayStation 3,,owned,,,,,"Jun 12, 2012",Warner Bros Interactive,Grasshopper Manufacture,Action,,,,,"Apr 15, 2025",,,clz
Lord of the Rings: War in the North,PlayStation 3,,owned,,,,,"Nov 01, 2011",Warner Bros Interactive,Snowblind Studios,Action | RPG,,,,,"Jul 24, 2026",,,clz
Lost,PlayStation 3,,owned,,,,,"Feb 26, 2008",Ubisoft Entertainment S.A.,Ubisoft Montréal,Action/Adventure,,,,,"Jul 24, 2026",,,clz
Lost in the Rain,PlayStation 3,,owned,,,,,"Jun 10, 2014",Sony Computer Entertainment,SCEJ,Action,,,,,"Apr 15, 2025",,,clz
Lost Planet 2,PlayStation 3,,owned,,,,,"May 11, 2010",Capcom,Capcom,FPS,,,,,"Apr 15, 2025",,,clz
Lost Planet 3,PlayStation 3,,owned,,,,,"Aug 30, 2013",Capcom,Capcom,Action | FPS,,,,,"Apr 15, 2025",,,clz
Lost Planet: Extreme Condition,PlayStation 3,,owned,,,,,"Feb 26, 2008",Capcom,Capcom,Action/Adventure | Shooter,,,,,"Apr 15, 2025",,,clz
Mafia II,PlayStation 3,,owned,,,,,"Aug 24, 2010",2K Games,2K Czech (Illusion Softworks),Action | Sandbox,,,,,"Apr 15, 2025",,,clz
Mass Effect 2,PlayStation 3,,owned,,,,,"Jan 18, 2011",Electronic Arts,BioWare,FPS | RPG,,,,,"Apr 15, 2025",,,clz
Mass Effect 3,PlayStation 3,,owned,,,,,"Mar 06, 2012",Electronic Arts,BioWare,RPG,,,,,"Apr 15, 2025",,,clz
Max Payne 3,PlayStation 3,,owned,,,,,"May 15, 2012",Rockstar Games,Rockstar Vancouver,Action/Adventure | Shooter,,,,,"Apr 15, 2025",,,clz
Metal Gear Solid 4: Guns of the Patriots,PlayStation 3,,owned,,,,,"Jun 12, 2008",Konami Digital Entertainment,Kojima Productions,Action | Action/Adventure | Shooter,,,,,"Apr 15, 2025",,,clz
Metal Gear Solid: The Legacy Collection: 1987-2012,PlayStation 3,,owned,,,,,"Sep 13, 2013",Konami Digital Entertainment GmbH,Kojima Productions,Compilation,,,,,"Apr 15, 2025",,,clz
Mirror's Edge,PlayStation 3,,owned,,,,,"Nov 11, 2008",Electronic Arts,EA DICE,Action/Adventure | FPS,,,,,"Apr 15, 2025",,,clz
Monster Madness: Grave Danger,PlayStation 3,,owned,,,,,"Aug 12, 2008",South Peak Interactive,Psyonix,Action,,,,,"Apr 15, 2025",,,clz
MotorStorm,PlayStation 3,,owned,,,,,"Mar 06, 2007",SCEA,Evolution Studios,Racing,,,,,"Apr 15, 2025",,,clz
MotorStorm: Pacific Rift,PlayStation 3,,owned,,,,,"Oct 28, 2008",SCEA,Evolution Studios,Racing,,,,,"Apr 15, 2025",,,clz
Need for Speed Hot Pursuit,PlayStation 3,,owned,,,,,"Nov 16, 2010",Electronic Arts,Criterion Studios,Racing,,,,,"Apr 15, 2025",,,clz
One Piece: Pirate Warriors,PlayStation 3,,owned,,,,,"Sep 21, 2012",Namco Bandai,Omega Force,Fighting,,,,,"Apr 15, 2025",,,clz
One Piece: Pirate Warriors 2,PlayStation 3,,owned,,,,,"Aug 30, 2013",Bandai Namco,Omega Force,Action | Fighting,,,,,"Apr 15, 2025",,,clz
Portal 2,PlayStation 3,,owned,,,,,"Apr 19, 2011",Electronic Arts,Valve Software,FPS | Puzzle,,,,,"Apr 15, 2025",,,clz
Prince of Persia,PlayStation 3,,owned,,,,,"Dec 02, 2008",Ubisoft,Ubisoft,Action/Adventure,,,,,"Apr 15, 2025",,,clz
Prince of Persia Trilogy,PlayStation 3,,owned,,,,,"Nov 19, 2010",Ubisoft,Ubisoft,Compilation | Platformer,,,,,"Apr 15, 2025",,,clz
Ratchet & Clank Trilogy: HD Collection,PlayStation 3,,owned,,,,,"Jun 29, 2012",SCEA,Insomniac Games,Compilation | Platformer,,,,,"Apr 15, 2025",,,clz
Red Dead Redemption,PlayStation 3,,owned,,,,,"May 18, 2010",Rockstar Games,Rockstar San Diego,Action | Action/Adventure | Sandbox,,,,,"Apr 15, 2025",,,clz
Resident Evil 5,PlayStation 3,,owned,,,,,"Mar 13, 2009",Capcom,Capcom,Action/Adventure | Survival Horror,,,,,"Apr 15, 2025",,,clz
Resident Evil: Operation Raccoon City,PlayStation 3,,owned,,,,,"Mar 20, 2012",Capcom,Capcom,Action/Adventure,,,,,"Jul 24, 2026",,,clz
Resistance 2,PlayStation 3,,owned,,,,,"Nov 25, 2008",SCEA,Insomniac Games,Action | FPS,,,,,"Apr 15, 2025",,,clz
Resistance: Fall of Man,PlayStation 3,,owned,,,,,"Nov 13, 2006",SCEA,Insomniac Games,Action | FPS,,,,,"Apr 15, 2025",,,clz
SOCOM: U.S. Navy SEALs -- Confrontation,PlayStation 3,,owned,,,,,"Oct 14, 2008",SCEA,Slant Six Games,Action | Shooter | Tactical,,,,,"Apr 15, 2025",,,clz
SoulCalibur IV,PlayStation 3,,owned,,,,,"Jul 29, 2008",Namco Bandai,Bandai Namco,Fighting,,,,,"Apr 15, 2025",,,clz
Star Wars: The Force Unleashed,PlayStation 3,,owned,,,,,"Sep 16, 2008",LucasArts,LucasArts,Action | Hack & Slash,,,,,"Apr 15, 2025",,,clz
Star Wars: The Force Unleashed II,PlayStation 3,,owned,,,,,"Oct 26, 2010",LucasArts,LucasArts,Action | Hack & Slash,,,,,"Apr 15, 2025",,,clz
Stranglehold,PlayStation 3,,owned,,,,,"Oct 29, 2007",Midway,NetherRealm,Action | Shooter,,,,,"Apr 15, 2025",,,clz
Tales Of Xillia,PlayStation 3,,owned,,,,,"Aug 09, 2013",Namco Bandai,Bandai Namco,RPG,,,,,"Apr 15, 2025",,,clz
Tales of Xillia 2,PlayStation 3,,owned,,,,,"Aug 22, 2014",Namco Bandai,Bandai Namco,RPG,,,,,"Apr 15, 2025",,,clz
Tekken Tag Tournament 2,PlayStation 3,,owned,,,,,"Sep 14, 2012",Namco Bandai,Bandai Namco,Fighting,,,,,"Apr 15, 2025",,,clz
The Guided Fate Paradox,PlayStation 3,,owned,,,,,"Oct 25, 2013",NIS America,Nippon Ichi Software,RPG,,,,,"Apr 15, 2025",,,clz
The Last Guy,PlayStation 3,,owned,,,,,"Aug 28, 2008",Sony Computer Entertainment,SCEJ,Action,,,,,"Apr 15, 2025",,,clz
The Last of Us,PlayStation 3,,owned,,,,,"Jun 14, 2013",SCEA,Naughty Dog,Action/Adventure | Survival Horror,,,,,"Apr 15, 2025",,,clz
The Sly Trilogy,PlayStation 3,,owned,,,,,"Dec 03, 2010",Sony Computer Entertainment,Sucker Punch / Sanzaru Games Inc.,Compilation,,,,,"Apr 15, 2025",,,clz
The Tomb Raider Trilogy,PlayStation 3,,owned,,,,,"Mar 22, 2011",Square Enix,Crystal Dynamics,Action/Adventure,,,,,"Apr 15, 2025",,,clz
Time and Eternity,PlayStation 3,,owned,,,,,"Jul 16, 2013",NIS America,Imageepoch,RPG,,,,,"Apr 15, 2025",,,clz
Tokyo Jungle,PlayStation 3,,owned,,,,,"Sep 25, 2012",Sony Computer Entertainment,Crispys Inc,Action | Action/Adventure,,,,,"Apr 15, 2025",,,clz
Tom Clancy's Rainbow Six Vegas,PlayStation 3,,owned,,,,,"Jun 26, 2007",Ubisoft,Ubisoft,Shooter | Tactical,,,,,"Sep 05, 2026",,,clz
Tom Clancy's Rainbow Six Vegas 2,PlayStation 3,,owned,,,,,"Mar 18, 2008",Ubisoft,Ubisoft,Shooter | Tactical,,,,,"Sep 05, 2026",,,clz
Tom Clancy's Splinter Cell: Blacklist,PlayStation 3,,owned,,,,,"Aug 23, 2013",Ubisoft,Ubisoft,Tactical,,,,,"Apr 15, 2025",,,clz
Tom Clancy's Splinter Cell Trilogy,PlayStation 3,,owned,,,,,"Sep 27, 2011",Ubisoft,Ubisoft,Compilation,,,,,"Apr 15, 2025",,,clz
Tomb Raider,PlayStation 3,,owned,,,,,"Mar 05, 2013",Square Enix,Crystal Dynamics,Action/Adventure,,,,,"Apr 15, 2025",,,clz
Trinity Universe,PlayStation 3,,owned,,,,,"Jun 29, 2010",NIS America,Idea Factory,RPG,,,,,"Apr 15, 2025",,,clz
Tron: Evolution,PlayStation 3,,owned,,,,,"Dec 07, 2010",Disney Interactive Studios,Propaganda Games,Action | Action/Adventure,,,,,"Apr 15, 2025",,,clz
Uncharted 3: Drake's Deception,PlayStation 3,,owned,,,,,"Nov 01, 2011",SCEA,"Naughty Dog, Inc.",Action/Adventure,,,,,"Apr 15, 2025",,,clz
Uncharted: Drake's Fortune,PlayStation 3,,owned,,,,,"Nov 20, 2007",SCEE,Naughty Dog,Action/Adventure | Shooter,,,,,"Apr 15, 2025",,,clz
Untold Legends: Dark Kingdom,PlayStation 3,,owned,,,,,"Nov 17, 2006",Sony Online,Sony Online Entertainment,Fighting | RPG,,,,,"Apr 15, 2025",,,clz
WET,PlayStation 3,,owned,,,,,"Sep 15, 2009",Bethesda Softworks,Artificial Mind And Move (A2M),Action | Shooter,,,,,"Apr 15, 2025",,,clz
White Knight Chronicles 2,PlayStation 3,,owned,,,,,"Sep 12, 2011",D3Publisher,Level-5,RPG,,,,,"Apr 15, 2025",,,clz
Harry Potter and the Chamber of Secrets,PlayStation 2,,owned,,,,,"Nov 15, 2002",Electronic Arts,EA Games,Action | Action/Adventure,,,,,"Apr 15, 2025",,,clz
Harry Potter and the Goblet of Fire,PlayStation 2,,owned,,,,,"Nov 08, 2005",Electronic Arts,EA Games,Adventure,,,,,"Apr 15, 2025",,,clz
Harry Potter and the Prisoner of Azkaban,PlayStation 2,,owned,,,,,"Jun 02, 2004",Electronic Arts,EA Games,Adventure,,,,,"Apr 15, 2025",,,clz
Star Ocean: Till the End of Time,PlayStation 2,,owned,,,,,"Aug 31, 2004",Square Enix,Tri-Ace,RPG,,,,,"Apr 15, 2025",,,clz
Star Wars: Bounty Hunter,PlayStation 2,,owned,,,,,"Nov 20, 2002",LucasArts,LucasArts,Action | Shooter,,,,,"Apr 15, 2025",,,clz
Asterix,PlayStation,,owned,,,,,Mar 1999,Infogrames,Sourcery,Action,,,,,"Apr 15, 2025",,,clz
B-Movie: They Came From Outer Space!,PlayStation,,owned,,,,,1998,GT Interactive Software Corp.,King of the Jungle Ltd.,Shooter,,,,,"Apr 15, 2025",,,clz
Cool Boarders 2,PlayStation,,owned,,,,,"Nov 01, 1997",Sony Computer Entertainment,UEP Systems,Sports,,,,,"Apr 15, 2025",,,clz
Harry Potter and the Philosopher's Stone,PlayStation,,owned,,,,,"Nov 08, 2001",Electronic Arts,Electronic Arts,Action/Adventure | Adventure,,,,,"Apr 15, 2025",,,clz
Heart of Darkness,PlayStation,,owned,,,,,"Sep 09, 1998",Blue Byte Software,Amazing Studio,Action | Platformer,,,,,"Apr 15, 2025",,,clz
Hogs of War,PlayStation,,owned,,,,,"Jul 12, 2000",Infogrames,Infogrames Sheffeld,Strategy,,,,,"Apr 15, 2025",,,clz
Jeremy McGrath Supercross '98,PlayStation,,owned,,,,,"Jun 01, 1998",Acclaim,Probe Entertainment,Racing,,,,,"Apr 15, 2025",,,clz
LEGO Racers,PlayStation,,owned,,,,,"Dec 22, 1999",Lego Media,High Voltage Soft.,Action,,,,,"Apr 15, 2025",,,clz
Monaco Grand Prix: Racing Simulation 2,PlayStation,,owned,,,,,Apr 1999,Ubisoft,Bridgestone,Racing,,,,,"Apr 15, 2025",,,clz
RC Stunt Copter,PlayStation,,owned,,,,,"Aug 25, 1999",Interplay,"Shiny Entertainment, Inc.",Simulation,,,,,"Apr 15, 2025",,,clz
Road Rage,PlayStation,,owned,,,,,"Jan 08, 1997",Konami,KCET,Racing,,,,,"Apr 15, 2025",,,clz
Ronaldo V-Football,PlayStation,,owned,,,,,"May 22, 2001",Infogrames,Power & Magic,Sports,,,,,"Apr 15, 2025",,,clz
Star Wars: Rebel Assault II - The Hidden Empire,PlayStation,,owned,,,,,"Nov 06, 1996",LucasArts Entertainment,Factor 5,Action,,,,,"Apr 15, 2025",,,clz
Tunguska,PlayStation,,owned,,,,,"Dec 13, 2000",Take 2,Exortus,Action | Adventure,,,,,"Apr 15, 2025",,,clz
Walt Disney World Quest: Magical Racing Tour,PlayStation,,owned,,,,,"Mar 23, 2000",Eidos Interactive,Disney Interactive,Racing,,,,,"Apr 15, 2025",,,clz
Who Wants To Be A Millionaire?,PlayStation,,owned,,,,,"Sep 29, 2000",Eidos Interactive,Celador,Party,,,,,"Apr 15, 2025",,,clz
Yu-Gi-Oh! Forbidden Memories,PlayStation,,owned,,,,,"Mar 19, 2002",Konami,Konami,Action | RPG,,,,,"Apr 15, 2025",,,clz
Assassin's Creed III: Liberation,PlayStation Vita,,owned,,,,,"Nov 02, 2012",Ubisoft,Ubisoft,Action/Adventure,,,,,"Apr 15, 2025",,,clz
Disgaea 3: Absence of Detention,PlayStation Vita,,owned,,,,,"Apr 17, 2012",NIS America,Nippon Ichi Software,RPG,,,,,"Apr 15, 2025",,,clz
Lumines: Electronic Symphony,PlayStation Vita,,owned,,,,,"Feb 15, 2012",Ubisoft,Q Entertainment,Puzzle,,,,,"Apr 15, 2025",,,clz
Uncharted: Golden Abyss,PlayStation Vita,,owned,,,,,"Feb 15, 2012",Sony Computer Entertainment,Bend Studio,Action/Adventure,,,,,"Apr 15, 2025",,,clz
Buzz! Deutschlands Superquiz,PSP,,owned,,,,,"Mar 25, 2009",Sony Computer Entertainment,,Party,,,,,"Apr 15, 2025",,,clz
DISSIDIA: Final Fantasy,PSP,,owned,,,,,"Aug 25, 2009",Square Enix,Square Enix,Fighting | RPG,,,,,"Apr 15, 2025",,,clz
Gran Turismo,PSP,,owned,,,,,"Oct 01, 2009",SCEA,Polyphony D.,Racing,,,,,"Apr 15, 2025",,,clz
Grand Theft Auto: Liberty City Stories,PSP,,owned,,,,,"Oct 25, 2005",Rockstar Games,Rockstar Leeds,Sandbox,,,,,"Apr 15, 2025",,,clz
Grand Theft Auto: Vice City Stories,PSP,,owned,,,,,"Nov 01, 2006",Rockstar Games,Rockstar Leeds,Sandbox,,,,,"Apr 15, 2025",,,clz
Hot Shots Golf: Open Tee,PSP,,owned,,,,,"May 03, 2005",SCEA,SCEJ,Sports,,,,,"Apr 15, 2025",,,clz
Lumines,PSP,,owned,,,,,"Mar 22, 2005",Ubisoft,Q Entertainment,Music | Puzzle,,,,,"Apr 15, 2025",,,clz
Pursuit Force,PSP,,owned,,,,,"Mar 07, 2006",SCEA,Bigbig Studios,Action | Racing,,,,,"Apr 15, 2025",,,clz
Tekken: Dark Resurrection,PSP,,owned,,,,,"Jul 25, 2006",Namco Bandai,Bandai Namco,Fighting,,,,,"Apr 15, 2025",,,clz
Yu-Gi-Oh! GX Tag Force / Yu-Gi-Oh! GX,PSP,,owned,,,,,"Nov 14, 2006",Konami Digital Entertainment,Konami,Card,,,,,"Apr 15, 2025",,,clz
Atomfall,Xbox Series X|S,,owned,,,,,"Mar 27, 2025",Fireshine Games,Rebellion Software,Action/Adventure,,,,,"Sep 25, 2026",,,clz
Battlefield 2042,Xbox Series X|S,,owned,,,,,"Nov 19, 2021",Electronic Arts,Dice Multimedia,FPS,,,,,"Sep 14, 2026",,,clz
Battlefield 6,Xbox Series X|S,,owned,,,,,"Oct 10, 2025",Electronic Arts,Dice Multimedia,FPS,,,,,"Sep 14, 2026",,,clz
Call of Duty: Black Ops 6,Xbox Series X|S,,owned,,,,,"Oct 25, 2024",Activision,Treyarch,FPS,,,,,"Sep 07, 2026",,,clz
Call of Duty: Black Ops 7,Xbox Series X|S,,owned,,,,,"Nov 14, 2025",Activision,Treyarch,FPS,,,,,"Sep 09, 2026",,,clz
Call of Duty: Modern Warfare II,Xbox Series X|S,,owned,,,,,"Oct 28, 2022",Activision,Infinity Ward,FPS,,,,,"Sep 05, 2026",,,clz
Call of Duty: Modern Warfare III,Xbox Series X|S,,owned,,,,,"Nov 10, 2023",Activision,Infinity Ward,FPS,,,,,"Sep 07, 2026",,,clz
Call of Duty: Vanguard,Xbox Series X|S,,owned,,,,,"Nov 05, 2021",Activision,Sledgehammer Games,FPS,,,,,"Sep 05, 2026",,,clz
Forza Horizon 5,Xbox Series X|S,,owned,,,,,"Nov 09, 2021",Microsoft Corporation,Turn 10 Studios,Racing,,,,,"Sep 15, 2026",,,clz
Forza Horizon 6,Xbox Series X|S,,owned,,,,,"May 19, 2026",Microsoft,Playground Games,Racing,,,,,"Sep 09, 2026",,,clz
Forza Motorsport,Xbox Series X|S,,owned,,,,,"Oct 10, 2023",Microsoft,Turn 10 Studios,Racing,,,,,"Sep 04, 2026",,,clz
Gears of War: E-Day,Xbox Series X|S,,ordered,,,,,,,,,,,,,,,,clz
Gears Tactics,Xbox Series X|S,,owned,,,,,"Nov 10, 2020",Microsoft,Splash Damage,Strategy,,,,,"Sep 24, 2026",,,clz
Halo Infinite,Xbox Series X|S,,owned,,,,,"Dec 07, 2021",Microsoft,343 Industries,FPS,,,,,"Aug 29, 2026",,,clz
LEGO Star Wars: The Skywalker Saga,Xbox Series X|S,,owned,,,,,2021,Warner Bros Interactive,TT Games,Action/Adventure,,,,,"Apr 15, 2025",,,clz
Redfall,Xbox Series X|S,,owned,,,,,"May 02, 2023",Bethesda Softworks,Arkane Studios,FPS,,,,,"Sep 05, 2026",,,clz
Split Fiction,Xbox Series X|S,,owned,,,,,"Mar 06, 2025",Electronic Arts,Hazelight,Action/Adventure,,,,,"Apr 15, 2025",,,clz
Battlefield 1,Xbox One,,owned,,,,,"Oct 21, 2016",Electronic Arts,EA DICE,FPS,,,,,"Sep 12, 2026",,,clz
Battlefield 4,Xbox One,,owned,,,,,"Nov 22, 2013",Electronic Arts,EA DICE,FPS,,,,,"Sep 24, 2026",,,clz
Battlefield: Hardline,Xbox One,,owned,,,,,"Mar 20, 2015",Electronic Arts,Visceral Games,FPS,,,,,"Sep 24, 2026",,,clz
Battlefield V,Xbox One,,owned,,,,,"Nov 20, 2018",Electronic Arts,EA DICE,FPS,,,,,"Sep 24, 2026",,,clz
Call of Duty: Advanced Warfare,Xbox One,,owned,,,,,"Nov 03, 2014",Activision,Sledgehammer Games,FPS,,,,,"Sep 05, 2026",,,clz
Call of Duty: Black Ops 4,Xbox One,,owned,,,,,"Oct 12, 2018",Activision,Treyarch,FPS,,,,,"Sep 05, 2026",,,clz
Call of Duty: Black Ops Cold War,Xbox One,,owned,,,,,"Nov 13, 2020",Activision,Treyarch,FPS,,,,,"Sep 05, 2026",,,clz
Call of Duty: Black Ops III,Xbox One,,owned,,,,,"Nov 06, 2015",Activision,Treyarch,FPS,,,,,"Sep 05, 2026",,,clz
Call of Duty: Ghosts,Xbox One,,owned,,,,,"Nov 22, 2013",Activision,Infinity Ward,FPS,,,,,"Sep 05, 2026",,,clz
Call of Duty: Infinite Warfare,Xbox One,,owned,,,,,"Nov 04, 2016",Activision,Infinity Ward,FPS,,,,,"Sep 05, 2026",,,clz
Call of Duty: Modern Warfare,Xbox One,,owned,,,,,"Oct 25, 2019",Activision,Infinity Ward,FPS,,,,,"Sep 05, 2026",,,clz
Call of Duty: WWII,Xbox One,,owned,,,,,"Nov 03, 2017",Activision,Sledgehammer Games,FPS,,,,,"Sep 05, 2026",,,clz
Crackdown 3,Xbox One,,owned,,,,,"Feb 15, 2019",Microsoft,Reagent Games,Action,,,,,"Sep 17, 2026",,,clz
Dead Rising 4,Xbox One,,owned,,,,,"Dec 06, 2016",Capcom,Capcom,Action,,,,,"Sep 24, 2026",,,clz
DOOM,Xbox One,,owned,,,,,"May 13, 2016",Bethesda Softworks,id Software,FPS,,,,,"Sep 24, 2026",,,clz
Doom Eternal,Xbox One,,owned,,,,,"Mar 20, 2020",Bethesda Softworks,id Software,FPS,,,,,"Sep 24, 2026",,,clz
Forza Horizon 2,Xbox One,,owned,,,,,"Oct 03, 2014",Microsoft Game Studios,Turn 10 Studios,Driving | Racing,,,,,"Aug 29, 2026",,,clz
Forza Horizon 3,Xbox One,,owned,,,,,"Sep 27, 2016",Microsoft Game Studios,Turn 10 Studios,Racing,,,,,"Aug 29, 2026",,,clz
Forza Horizon 4,Xbox One,,owned,,,,,"Oct 02, 2018",Microsoft,Playground Games,Racing,,,,,"Aug 29, 2026",,,clz
Forza Motorsport 5,Xbox One,,owned,,,,,"Nov 22, 2013",Microsoft,Turn 10 Studios,Racing,,,,,"Sep 05, 2026",,,clz
Forza Motorsport 6,Xbox One,,owned,,,,,"Sep 18, 2015",Microsoft,Turn 10 Studios,Driving | Racing,,,,,"Sep 05, 2026",,,clz
Forza Motorsport 7,Xbox One,,owned,,,,,"Oct 03, 2017",Microsoft,Turn 10 Studios,Racing,,,,,"Sep 05, 2026",,,clz
Gears 5,Xbox One,,owned,,,,,"Sep 10, 2019",Microsoft,The Coalition,Action | Shooter,,,,,"Sep 04, 2026",,,clz
Gears of War 4,Xbox One,,owned,,,,,"Oct 11, 2016",Microsoft,Black Tusk,Action | Shooter,,,,,"Sep 05, 2026",,,clz
Gears of War: Ultimate Edition,Xbox One,,owned,,,,,"Aug 28, 2015",Microsoft,Black Tusk,Action,,,,,"Apr 15, 2025",,,clz
Halo 5: Guardians,Xbox One,,owned,,,,,"Oct 27, 2015",Microsoft,343 Industries,FPS,,,,,"Apr 15, 2025",,,clz
Halo: The Master Chief Collection,Xbox One,,owned,,,,,"Nov 11, 2014",Microsoft,343 Industries,FPS,,,,,"Aug 29, 2026",,,clz
Halo Wars 2,Xbox One,,owned,,,,,"Feb 21, 2017",Microsoft,343 Industries,Real Time Strategy | Strategy,,,,,"Sep 04, 2026",,,clz
Killer Instinct,Xbox One,,owned,,,,,"Nov 22, 2013",Microsoft Studios,Double Helix Games,Fighting,,,,,"Sep 05, 2026",,,clz
LEGO Harry Potter Collection,Xbox One,,owned,,,,,"Nov 02, 2018",Warner Bros Interactive,Travellers Tales,Action/Adventure,,,,,"Apr 15, 2025",,,clz
Ori and the Blind Forest,Xbox One,,owned,,,,,"Mar 15, 2015",Microsoft Game Studios,Moon Studios,Action | Adventure,,,,,"Sep 24, 2026",,,clz
Ori and the Will of the Wisps,Xbox One,,owned,,,,,"Mar 11, 2020",Microsoft,Moon Studios,Platformer,,,,,"Sep 17, 2026",,,clz
Overcooked! + Overcooked! 2,Xbox One,,owned,,,,,"Nov 12, 2019",Team17 Digital Limited,Ghost Town Games,Party,,,,,"Apr 15, 2025",,,clz
Quantum Break,Xbox One,,owned,,,,,"Apr 05, 2016",Microsoft,Remedy,Action,,,,,"Sep 05, 2026",,,clz
Ryse: Son Of Rome,Xbox One,,owned,,,,,"Nov 22, 2013",Microsoft,Crytek Studios,Action/Adventure | FPS | MMORPG,,,,,"Sep 05, 2026",,,clz
Sea of Thieves,Xbox One,,owned,,,,,"Mar 20, 2018",Microsoft,Rare,Action/Adventure,,,,,"Sep 17, 2026",,,clz
State of Decay 2,Xbox One,,owned,,,,,"May 22, 2018",Microsoft,Undead Labs,Action,,,,,"Sep 17, 2026",,,clz
State of Decay: Year One Survival Edition,Xbox One,,owned,,,,,"Apr 28, 2015",Microsoft Studios,Undead Labs,Survival Horror,,,,,"Sep 17, 2026",,,clz
Sunset Overdrive,Xbox One,,owned,,,,,"Oct 31, 2014",Microsoft Studios,Insomniac Games,Action/Adventure,,,,,"Sep 17, 2026",,,clz
Super Lucky's Tale,Xbox One,,owned,,,,,"Nov 07, 2017",Microsoft,Playful,Platformer,,,,,"Sep 24, 2026",,,clz
Titanfall,Xbox One,,owned,,,,,"Mar 14, 2014",Electronic Arts,Respawn Entertainment,FPS,,,,,"Apr 15, 2025",,,clz
Titanfall 2,Xbox One,,owned,,,,,"Oct 28, 2016",Electronic Arts,Respawn Entertainment,FPS,,,,,"Sep 24, 2026",,,clz
Zoo Tycoon,Xbox One,,owned,,,,,"Nov 22, 2013",Microsoft Game Studios,Frontier Developments,Simulator,,,,,"Sep 24, 2026",,,clz
Zoo Tycoon: Ultimate Animal Collection,Xbox One,,owned,,,,,"Oct 31, 2017",Microsoft Game Studios,Asobo Studio,Simulator,,,,,"Sep 24, 2026",,,clz
Battlefield 2: Modern Combat,Xbox 360,,owned,,,,,"Apr 11, 2006",Electronic Arts,EA DICE,Action | FPS,,,,,"Sep 24, 2026",,,clz
Battlefield 3,Xbox 360,,owned,,,,,"Oct 25, 2011",Electronic Arts,EA DICE,FPS,,,,,"Sep 24, 2026",,,clz
Battlefield: Bad Company,Xbox 360,,owned,,,,,"Jun 17, 2008",Electronic Arts,EA DICE,FPS,,,,,"Sep 24, 2026",,,clz
Battlefield: Bad Company 2,Xbox 360,,owned,,,,,"Mar 02, 2010",Electronic Arts,EA DICE,FPS,,,,,"Sep 24, 2026",,,clz
Call of Duty 2,Xbox 360,,owned,,,,,"Nov 16, 2005",Activision,Infinity Ward,FPS,,,,,"Sep 17, 2026",,,clz
Call of Duty 3,Xbox 360,,owned,,,,,"Nov 07, 2006",Activision,Treyarch,FPS,,,,,"Sep 05, 2026",,,clz
Call of Duty: Black Ops,Xbox 360,,owned,,,,,"Nov 09, 2010",Activision,Treyarch,FPS,,,,,"Sep 05, 2026",,,clz
Call of Duty: Black Ops II,Xbox 360,,owned,,,,,"Nov 13, 2012",Activision,Treyarch,FPS,,,,,"Sep 05, 2026",,,clz
Call of Duty: Modern Warfare Trilogy,Xbox 360,,owned,,,,,"Jun 24, 2016",Activision,Infinity Ward,FPS,,,,,"Apr 15, 2025",,,clz
Call of Duty World at War,Xbox 360,,owned,,,,,"Nov 11, 2008",Activision,Treyarch,FPS,,,,,"Sep 05, 2026",,,clz
Forza Horizon,Xbox 360,,owned,,,,,"Oct 26, 2012",Microsoft Studios,Playground Games,Racing,,,,,"Sep 05, 2026",,,clz
Halo Wars,Xbox 360,,owned,,,,,"Mar 03, 2009",Microsoft,Ensemble Studios,FPS | Real Time Strategy,,,,,"Sep 24, 2026",,,clz
Perfect Dark Zero,Xbox 360,,owned,,,,,"Nov 15, 2005",Microsoft,Rare,Action | FPS,,,,,"Apr 15, 2025",,,clz
Skate,Xbox 360,,wishlist,,,,,,,,,,,,,,,,clz
Skate 2,Xbox 360,,wishlist,,,,,,,,,,,,,,,,clz
Skate 3,Xbox 360,,wishlist,,,,,,,,,,,,,,,,clz
Otogi 2: Immortal Warriors,Xbox,,wishlist,,,,,,,,,,,,,,,,clz
Otogi: Myth of Demons,Xbox,,wishlist,,,,,,,,,,,,,,,,clz
Star Wars: Republic Commando,Xbox,,owned,,,,,"Mar 01, 2005",LucasArts,LucasArts,FPS | Shooter,,,,,"Apr 15, 2025",,,clz
